year	month	park	country_jp	count
2016	01	阿寒摩周国立公園	アメリカ合衆国	1-9
2016	01	阿寒摩周国立公園	シンガポール	1-9
2016	01	阿寒摩周国立公園	マレーシア	1-9
2016	01	阿寒摩周国立公園	中国	1-9
2016	01	阿寒摩周国立公園	台湾	19
2016	01	阿寒摩周国立公園	朝鮮、南部	1-9
2016	01	阿寒摩周国立公園	香港(PRC)	12
2016	01	十和田八幡平国立公園	アメリカ合衆国	1-9
2016	01	十和田八幡平国立公園	オーストラリア	1-9
2016	01	十和田八幡平国立公園	ノルウェー	1-9
2016	01	十和田八幡平国立公園	ベトナム	1-9
2016	01	十和田八幡平国立公園	台湾	1-9
2016	01	十和田八幡平国立公園	朝鮮、南部	1-9
2016	01	十和田八幡平国立公園	英国	1-9
2016	01	十和田八幡平国立公園	香港(PRC)	1-9
2016	01	日光国立公園	アメリカ合衆国	1-9
2016	01	日光国立公園	イタリア	1-9
2016	01	日光国立公園	インドネシア	1-9
2016	01	日光国立公園	オーストラリア	1-9
2016	01	日光国立公園	シンガポール	1-9
2016	01	日光国立公園	スウェーデン	1-9
2016	01	日光国立公園	タイ	17
2016	01	日光国立公園	ドイツ	1-9
2016	01	日光国立公園	フィリピン	1-9
2016	01	日光国立公園	ブルネイ・ダルサラーム	1-9
2016	01	日光国立公園	ポーランド	1-9
2016	01	日光国立公園	マレーシア	1-9
2016	01	日光国立公園	メキシコ	1-9
2016	01	日光国立公園	中国	1-9
2016	01	日光国立公園	台湾	59
2016	01	日光国立公園	朝鮮、南部	1-9
2016	01	日光国立公園	英国	1-9
2016	01	日光国立公園	香港(PRC)	1-9
2016	01	伊勢志摩国立公園	アメリカ合衆国	1-9
2016	01	伊勢志摩国立公園	インドネシア	1-9
2016	01	伊勢志摩国立公園	オーストラリア	1-9
2016	01	伊勢志摩国立公園	タイ	1-9
2016	01	伊勢志摩国立公園	フィリピン	1-9
2016	01	伊勢志摩国立公園	マレーシア	1-9
2016	01	伊勢志摩国立公園	中国	1-9
2016	01	伊勢志摩国立公園	台湾	38
2016	01	伊勢志摩国立公園	朝鮮、南部	1-9
2016	01	伊勢志摩国立公園	香港(PRC)	11
2016	02	阿寒摩周国立公園	アメリカ合衆国	1-9
2016	02	阿寒摩周国立公園	インドネシア	1-9
2016	02	阿寒摩周国立公園	オーストラリア	1-9
2016	02	阿寒摩周国立公園	シンガポール	1-9
2016	02	阿寒摩周国立公園	タイ	1-9
2016	02	阿寒摩周国立公園	ドイツ	1-9
2016	02	阿寒摩周国立公園	ハンガリー	1-9
2016	02	阿寒摩周国立公園	マレーシア	1-9
2016	02	阿寒摩周国立公園	中国	1-9
2016	02	阿寒摩周国立公園	台湾	48
2016	02	阿寒摩周国立公園	香港(PRC)	11
2016	02	十和田八幡平国立公園	アメリカ合衆国	1-9
2016	02	十和田八幡平国立公園	オーストラリア	1-9
2016	02	十和田八幡平国立公園	カナダ	1-9
2016	02	十和田八幡平国立公園	ドイツ	1-9
2016	02	十和田八幡平国立公園	中国	1-9
2016	02	十和田八幡平国立公園	台湾	18
2016	02	十和田八幡平国立公園	香港(PRC)	1-9
2016	02	日光国立公園	アメリカ合衆国	1-9
2016	02	日光国立公園	イタリア	1-9
2016	02	日光国立公園	インドネシア	1-9
2016	02	日光国立公園	オランダ	1-9
2016	02	日光国立公園	オーストラリア	1-9
2016	02	日光国立公園	オーストリア	1-9
2016	02	日光国立公園	シンガポール	1-9
2016	02	日光国立公園	スペイン	1-9
2016	02	日光国立公園	タイ	25
2016	02	日光国立公園	チェコ共和国	1-9
2016	02	日光国立公園	チリ	1-9
2016	02	日光国立公園	ドイツ	1-9
2016	02	日光国立公園	ニュージーランド	1-9
2016	02	日光国立公園	フランス	1-9
2016	02	日光国立公園	ベルギー	1-9
2016	02	日光国立公園	マレーシア	1-9
2016	02	日光国立公園	ルーマニア	1-9
2016	02	日光国立公園	中国	1-9
2016	02	日光国立公園	台湾	68
2016	02	日光国立公園	朝鮮、南部	1-9
2016	02	日光国立公園	香港(PRC)	1-9
2016	02	伊勢志摩国立公園	アメリカ合衆国	1-9
2016	02	伊勢志摩国立公園	イタリア	1-9
2016	02	伊勢志摩国立公園	オーストラリア	1-9
2016	02	伊勢志摩国立公園	カナダ	1-9
2016	02	伊勢志摩国立公園	シンガポール	1-9
2016	02	伊勢志摩国立公園	タイ	1-9
2016	02	伊勢志摩国立公園	ドイツ	1-9
2016	02	伊勢志摩国立公園	中国	1-9
2016	02	伊勢志摩国立公園	台湾	61
2016	02	伊勢志摩国立公園	朝鮮、南部	1-9
2016	02	伊勢志摩国立公園	英国	1-9
2016	02	伊勢志摩国立公園	香港(PRC)	13
2016	03	阿寒摩周国立公園	アメリカ合衆国	1-9
2016	03	阿寒摩周国立公園	インドネシア	1-9
2016	03	阿寒摩周国立公園	オーストラリア	1-9
2016	03	阿寒摩周国立公園	タイ	1-9
2016	03	阿寒摩周国立公園	フィリピン	1-9
2016	03	阿寒摩周国立公園	中国	1-9
2016	03	阿寒摩周国立公園	台湾	16
2016	03	阿寒摩周国立公園	朝鮮、南部	1-9
2016	03	阿寒摩周国立公園	英国	1-9
2016	03	阿寒摩周国立公園	香港(PRC)	1-9
2016	03	十和田八幡平国立公園	アメリカ合衆国	1-9
2016	03	十和田八幡平国立公園	オーストラリア	1-9
2016	03	十和田八幡平国立公園	シンガポール	1-9
2016	03	十和田八幡平国立公園	スペイン	1-9
2016	03	十和田八幡平国立公園	タイ	1-9
2016	03	十和田八幡平国立公園	ドイツ	1-9
2016	03	十和田八幡平国立公園	ニュージーランド	1-9
2016	03	十和田八幡平国立公園	中国	1-9
2016	03	十和田八幡平国立公園	台湾	1-9
2016	03	十和田八幡平国立公園	香港(PRC)	1-9
2016	03	日光国立公園	アイルランド	1-9
2016	03	日光国立公園	アメリカ合衆国	36
2016	03	日光国立公園	アラブ首長国連邦	1-9
2016	03	日光国立公園	アルゼンチン共和国	1-9
2016	03	日光国立公園	イスラエル	1-9
2016	03	日光国立公園	イタリア	1-9
2016	03	日光国立公園	インドネシア	11
2016	03	日光国立公園	ウルグアイ	1-9
2016	03	日光国立公園	オランダ	1-9
2016	03	日光国立公園	オーストラリア	10
2016	03	日光国立公園	カナダ	1-9
2016	03	日光国立公園	コロンビア	1-9
2016	03	日光国立公園	シンガポール	13
2016	03	日光国立公園	スイス	1-9
2016	03	日光国立公園	スウェーデン	1-9
2016	03	日光国立公園	スペイン	24
2016	03	日光国立公園	タイ	70
2016	03	日光国立公園	チェコ共和国	1-9
2016	03	日光国立公園	チリ	1-9
2016	03	日光国立公園	デンマーク	1-9
2016	03	日光国立公園	トルコ	1-9
2016	03	日光国立公園	ドイツ	20
2016	03	日光国立公園	ニュージーランド	1-9
2016	03	日光国立公園	ノルウェー	1-9
2016	03	日光国立公園	ハンガリー	1-9
2016	03	日光国立公園	パレスチナ	1-9
2016	03	日光国立公園	フィリピン	1-9
2016	03	日光国立公園	フランス	16
2016	03	日光国立公園	ブラジル	1-9
2016	03	日光国立公園	ベトナム	1-9
2016	03	日光国立公園	ベルギー	1-9
2016	03	日光国立公園	ポルトガル	1-9
2016	03	日光国立公園	ポーランド	1-9
2016	03	日光国立公園	マカオ(PRC)	1-9
2016	03	日光国立公園	マレーシア	1-9
2016	03	日光国立公園	メキシコ	1-9
2016	03	日光国立公園	ラトビア	1-9
2016	03	日光国立公園	ロシア連邦	1-9
2016	03	日光国立公園	中国	1-9
2016	03	日光国立公園	台湾	31
2016	03	日光国立公園	英国	19
2016	03	日光国立公園	香港(PRC)	1-9
2016	03	伊勢志摩国立公園	アメリカ合衆国	11
2016	03	伊勢志摩国立公園	イタリア	1-9
2016	03	伊勢志摩国立公園	インドネシア	1-9
2016	03	伊勢志摩国立公園	オーストラリア	1-9
2016	03	伊勢志摩国立公園	カナダ	1-9
2016	03	伊勢志摩国立公園	シンガポール	1-9
2016	03	伊勢志摩国立公園	スイス	1-9
2016	03	伊勢志摩国立公園	スウェーデン	1-9
2016	03	伊勢志摩国立公園	タイ	11
2016	03	伊勢志摩国立公園	ドイツ	1-9
2016	03	伊勢志摩国立公園	フィリピン	1-9
2016	03	伊勢志摩国立公園	フランス	1-9
2016	03	伊勢志摩国立公園	ベトナム	1-9
2016	03	伊勢志摩国立公園	ポルトガル	1-9
2016	03	伊勢志摩国立公園	マカオ(PRC)	1-9
2016	03	伊勢志摩国立公園	マレーシア	1-9
2016	03	伊勢志摩国立公園	メキシコ	1-9
2016	03	伊勢志摩国立公園	ルクセンブルク	1-9
2016	03	伊勢志摩国立公園	中国	1-9
2016	03	伊勢志摩国立公園	台湾	52
2016	03	伊勢志摩国立公園	朝鮮、南部	1-9
2016	03	伊勢志摩国立公園	英国	1-9
2016	03	伊勢志摩国立公園	香港(PRC)	37
2016	04	阿寒摩周国立公園	アメリカ合衆国	1-9
2016	04	阿寒摩周国立公園	シンガポール	1-9
2016	04	阿寒摩周国立公園	スイス	1-9
2016	04	阿寒摩周国立公園	タイ	1-9
2016	04	阿寒摩周国立公園	ヨルダン	1-9
2016	04	阿寒摩周国立公園	台湾	1-9
2016	04	阿寒摩周国立公園	香港(PRC)	1-9
2016	04	十和田八幡平国立公園	アメリカ合衆国	1-9
2016	04	十和田八幡平国立公園	アルゼンチン共和国	1-9
2016	04	十和田八幡平国立公園	オーストラリア	1-9
2016	04	十和田八幡平国立公園	カナダ	1-9
2016	04	十和田八幡平国立公園	シンガポール	1-9
2016	04	十和田八幡平国立公園	タイ	14
2016	04	十和田八幡平国立公園	マレーシア	1-9
2016	04	十和田八幡平国立公園	中国	1-9
2016	04	十和田八幡平国立公園	台湾	20
2016	04	十和田八幡平国立公園	朝鮮、南部	1-9
2016	04	十和田八幡平国立公園	英国	1-9
2016	04	十和田八幡平国立公園	香港(PRC)	1-9
2016	04	日光国立公園	アメリカ合衆国	41
2016	04	日光国立公園	アルゼンチン共和国	1-9
2016	04	日光国立公園	イスラエル	1-9
2016	04	日光国立公園	イタリア	1-9
2016	04	日光国立公園	インド	1-9
2016	04	日光国立公園	インドネシア	1-9
2016	04	日光国立公園	エストニア	1-9
2016	04	日光国立公園	オランダ	1-9
2016	04	日光国立公園	オーストラリア	18
2016	04	日光国立公園	オーストリア	1-9
2016	04	日光国立公園	カタール	1-9
2016	04	日光国立公園	カナダ	1-9
2016	04	日光国立公園	ギリシア	1-9
2016	04	日光国立公園	シンガポール	12
2016	04	日光国立公園	スイス	1-9
2016	04	日光国立公園	スウェーデン	1-9
2016	04	日光国立公園	スペイン	1-9
2016	04	日光国立公園	タイ	126
2016	04	日光国立公園	チェコ共和国	1-9
2016	04	日光国立公園	チリ	1-9
2016	04	日光国立公園	ドイツ	17
2016	04	日光国立公園	ニュージーランド	1-9
2016	04	日光国立公園	ハンガリー	1-9
2016	04	日光国立公園	パレスチナ	1-9
2016	04	日光国立公園	フィリピン	1-9
2016	04	日光国立公園	フランス	18
2016	04	日光国立公園	ブルガリア	1-9
2016	04	日光国立公園	ベトナム	1-9
2016	04	日光国立公園	ベルギー	1-9
2016	04	日光国立公園	ポルトガル	1-9
2016	04	日光国立公園	ポーランド	1-9
2016	04	日光国立公園	マレーシア	1-9
2016	04	日光国立公園	メキシコ	1-9
2016	04	日光国立公園	ルーマニア	1-9
2016	04	日光国立公園	ロシア連邦	1-9
2016	04	日光国立公園	中国	1-9
2016	04	日光国立公園	南アフリカ	1-9
2016	04	日光国立公園	台湾	63
2016	04	日光国立公園	朝鮮、南部	1-9
2016	04	日光国立公園	英国	20
2016	04	日光国立公園	香港(PRC)	1-9
2016	04	伊勢志摩国立公園	アメリカ合衆国	11
2016	04	伊勢志摩国立公園	アラブ首長国連邦	1-9
2016	04	伊勢志摩国立公園	オーストラリア	1-9
2016	04	伊勢志摩国立公園	カナダ	1-9
2016	04	伊勢志摩国立公園	シンガポール	1-9
2016	04	伊勢志摩国立公園	スペイン	1-9
2016	04	伊勢志摩国立公園	タイ	11
2016	04	伊勢志摩国立公園	デンマーク	1-9
2016	04	伊勢志摩国立公園	フィリピン	1-9
2016	04	伊勢志摩国立公園	フランス	1-9
2016	04	伊勢志摩国立公園	ブルガリア	1-9
2016	04	伊勢志摩国立公園	ブルネイ・ダルサラーム	1-9
2016	04	伊勢志摩国立公園	ポルトガル	1-9
2016	04	伊勢志摩国立公園	ポーランド	1-9
2016	04	伊勢志摩国立公園	マレーシア	1-9
2016	04	伊勢志摩国立公園	メキシコ	1-9
2016	04	伊勢志摩国立公園	中国	1-9
2016	04	伊勢志摩国立公園	台湾	51
2016	04	伊勢志摩国立公園	朝鮮、南部	1-9
2016	04	伊勢志摩国立公園	英国	1-9
2016	04	伊勢志摩国立公園	香港(PRC)	19
2016	05	阿寒摩周国立公園	アメリカ合衆国	1-9
2016	05	阿寒摩周国立公園	ケニア	1-9
2016	05	阿寒摩周国立公園	シンガポール	14
2016	05	阿寒摩周国立公園	スウェーデン	1-9
2016	05	阿寒摩周国立公園	ドイツ	1-9
2016	05	阿寒摩周国立公園	マレーシア	1-9
2016	05	阿寒摩周国立公園	台湾	28
2016	05	阿寒摩周国立公園	英国	1-9
2016	05	阿寒摩周国立公園	香港(PRC)	16
2016	05	十和田八幡平国立公園	アメリカ合衆国	1-9
2016	05	十和田八幡平国立公園	オーストラリア	1-9
2016	05	十和田八幡平国立公園	カナダ	1-9
2016	05	十和田八幡平国立公園	シンガポール	1-9
2016	05	十和田八幡平国立公園	タイ	1-9
2016	05	十和田八幡平国立公園	ドイツ	1-9
2016	05	十和田八幡平国立公園	フランス	1-9
2016	05	十和田八幡平国立公園	中国	1-9
2016	05	十和田八幡平国立公園	台湾	10
2016	05	十和田八幡平国立公園	香港(PRC)	1-9
2016	05	日光国立公園	アイルランド	1-9
2016	05	日光国立公園	アメリカ合衆国	27
2016	05	日光国立公園	アラブ首長国連邦	1-9
2016	05	日光国立公園	イタリア	1-9
2016	05	日光国立公園	インド	1-9
2016	05	日光国立公園	インドネシア	10
2016	05	日光国立公園	オランダ	1-9
2016	05	日光国立公園	オーストラリア	1-9
2016	05	日光国立公園	オーストリア	1-9
2016	05	日光国立公園	カナダ	1-9
2016	05	日光国立公園	シンガポール	16
2016	05	日光国立公園	スイス	1-9
2016	05	日光国立公園	スウェーデン	1-9
2016	05	日光国立公園	スペイン	13
2016	05	日光国立公園	セルビア(共和国、の)	1-9
2016	05	日光国立公園	タイ	67
2016	05	日光国立公園	トルコ	1-9
2016	05	日光国立公園	ドイツ	13
2016	05	日光国立公園	ハンガリー	1-9
2016	05	日光国立公園	フィリピン	1-9
2016	05	日光国立公園	フランス	19
2016	05	日光国立公園	ブラジル	1-9
2016	05	日光国立公園	ベトナム	1-9
2016	05	日光国立公園	ポルトガル	1-9
2016	05	日光国立公園	ポーランド	1-9
2016	05	日光国立公園	マカオ(PRC)	1-9
2016	05	日光国立公園	マレーシア	1-9
2016	05	日光国立公園	メキシコ	1-9
2016	05	日光国立公園	ルクセンブルク	1-9
2016	05	日光国立公園	ルーマニア	1-9
2016	05	日光国立公園	ロシア連邦	1-9
2016	05	日光国立公園	中国	1-9
2016	05	日光国立公園	台湾	81
2016	05	日光国立公園	朝鮮、南部	1-9
2016	05	日光国立公園	英国	14
2016	05	日光国立公園	香港(PRC)	10
2016	05	伊勢志摩国立公園	アメリカ合衆国	13
2016	05	伊勢志摩国立公園	インドネシア	1-9
2016	05	伊勢志摩国立公園	オランダ	1-9
2016	05	伊勢志摩国立公園	オーストラリア	1-9
2016	05	伊勢志摩国立公園	カナダ	1-9
2016	05	伊勢志摩国立公園	シンガポール	1-9
2016	05	伊勢志摩国立公園	スイス	1-9
2016	05	伊勢志摩国立公園	スペイン	1-9
2016	05	伊勢志摩国立公園	タイ	1-9
2016	05	伊勢志摩国立公園	ドイツ	1-9
2016	05	伊勢志摩国立公園	ハンガリー	1-9
2016	05	伊勢志摩国立公園	フィリピン	1-9
2016	05	伊勢志摩国立公園	フランス	1-9
2016	05	伊勢志摩国立公園	マカオ(PRC)	1-9
2016	05	伊勢志摩国立公園	マレーシア	1-9
2016	05	伊勢志摩国立公園	中国	1-9
2016	05	伊勢志摩国立公園	南アフリカ	1-9
2016	05	伊勢志摩国立公園	台湾	22
2016	05	伊勢志摩国立公園	英国	1-9
2016	05	伊勢志摩国立公園	香港(PRC)	1-9
2016	06	阿寒摩周国立公園	アメリカ合衆国	1-9
2016	06	阿寒摩周国立公園	エストニア	1-9
2016	06	阿寒摩周国立公園	オーストラリア	1-9
2016	06	阿寒摩周国立公園	シンガポール	12
2016	06	阿寒摩周国立公園	スペイン	1-9
2016	06	阿寒摩周国立公園	フィリピン	1-9
2016	06	阿寒摩周国立公園	ベルギー	1-9
2016	06	阿寒摩周国立公園	マレーシア	14
2016	06	阿寒摩周国立公園	中国	1-9
2016	06	阿寒摩周国立公園	台湾	32
2016	06	阿寒摩周国立公園	朝鮮、南部	1-9
2016	06	阿寒摩周国立公園	英国	1-9
2016	06	阿寒摩周国立公園	香港(PRC)	15
2016	06	十和田八幡平国立公園	アメリカ合衆国	1-9
2016	06	十和田八幡平国立公園	イタリア	1-9
2016	06	十和田八幡平国立公園	オランダ	1-9
2016	06	十和田八幡平国立公園	タイ	1-9
2016	06	十和田八幡平国立公園	チリ	1-9
2016	06	十和田八幡平国立公園	台湾	19
2016	06	十和田八幡平国立公園	香港(PRC)	1-9
2016	06	日光国立公園	アイスランド	1-9
2016	06	日光国立公園	アメリカ合衆国	26
2016	06	日光国立公園	イタリア	12
2016	06	日光国立公園	インド	1-9
2016	06	日光国立公園	インドネシア	1-9
2016	06	日光国立公園	エストニア	1-9
2016	06	日光国立公園	オランダ	1-9
2016	06	日光国立公園	オーストラリア	18
2016	06	日光国立公園	カナダ	1-9
2016	06	日光国立公園	シンガポール	10
2016	06	日光国立公園	スイス	1-9
2016	06	日光国立公園	スウェーデン	1-9
2016	06	日光国立公園	スペイン	1-9
2016	06	日光国立公園	セルビア(共和国、の)	1-9
2016	06	日光国立公園	タイ	14
2016	06	日光国立公園	チェコ共和国	1-9
2016	06	日光国立公園	ドイツ	1-9
2016	06	日光国立公園	ニュージーランド	1-9
2016	06	日光国立公園	ハンガリー	1-9
2016	06	日光国立公園	フィリピン	1-9
2016	06	日光国立公園	フランス	1-9
2016	06	日光国立公園	ブラジル	1-9
2016	06	日光国立公園	ベトナム	1-9
2016	06	日光国立公園	ベルギー	1-9
2016	06	日光国立公園	ポーランド	1-9
2016	06	日光国立公園	マレーシア	1-9
2016	06	日光国立公園	ミャンマー	1-9
2016	06	日光国立公園	メキシコ	1-9
2016	06	日光国立公園	ルーマニア	1-9
2016	06	日光国立公園	ロシア連邦	1-9
2016	06	日光国立公園	中国	1-9
2016	06	日光国立公園	台湾	65
2016	06	日光国立公園	朝鮮、南部	1-9
2016	06	日光国立公園	英国	1-9
2016	06	日光国立公園	香港(PRC)	1-9
2016	06	伊勢志摩国立公園	アメリカ合衆国	19
2016	06	伊勢志摩国立公園	イタリア	1-9
2016	06	伊勢志摩国立公園	インドネシア	1-9
2016	06	伊勢志摩国立公園	オランダ	1-9
2016	06	伊勢志摩国立公園	オーストラリア	1-9
2016	06	伊勢志摩国立公園	カナダ	1-9
2016	06	伊勢志摩国立公園	シンガポール	1-9
2016	06	伊勢志摩国立公園	スウェーデン	1-9
2016	06	伊勢志摩国立公園	セルビア(共和国、の)	1-9
2016	06	伊勢志摩国立公園	タイ	12
2016	06	伊勢志摩国立公園	デンマーク	1-9
2016	06	伊勢志摩国立公園	ニュージーランド	1-9
2016	06	伊勢志摩国立公園	ノルウェー	1-9
2016	06	伊勢志摩国立公園	フィリピン	1-9
2016	06	伊勢志摩国立公園	フィンランド	1-9
2016	06	伊勢志摩国立公園	フランス	1-9
2016	06	伊勢志摩国立公園	ブラジル	1-9
2016	06	伊勢志摩国立公園	ブルネイ・ダルサラーム	1-9
2016	06	伊勢志摩国立公園	ベトナム	1-9
2016	06	伊勢志摩国立公園	ポルトガル	1-9
2016	06	伊勢志摩国立公園	マレーシア	1-9
2016	06	伊勢志摩国立公園	中国	1-9
2016	06	伊勢志摩国立公園	南アフリカ	1-9
2016	06	伊勢志摩国立公園	台湾	48
2016	06	伊勢志摩国立公園	朝鮮、南部	1-9
2016	06	伊勢志摩国立公園	英国	1-9
2016	06	伊勢志摩国立公園	香港(PRC)	1-9
2016	07	阿寒摩周国立公園	アメリカ合衆国	1-9
2016	07	阿寒摩周国立公園	アルジェリア	1-9
2016	07	阿寒摩周国立公園	イタリア	1-9
2016	07	阿寒摩周国立公園	オーストラリア	1-9
2016	07	阿寒摩周国立公園	オーストリア	1-9
2016	07	阿寒摩周国立公園	シンガポール	1-9
2016	07	阿寒摩周国立公園	スウェーデン	1-9
2016	07	阿寒摩周国立公園	タイ	1-9
2016	07	阿寒摩周国立公園	ドイツ	1-9
2016	07	阿寒摩周国立公園	ベルギー	1-9
2016	07	阿寒摩周国立公園	マレーシア	1-9
2016	07	阿寒摩周国立公園	中国	1-9
2016	07	阿寒摩周国立公園	台湾	54
2016	07	阿寒摩周国立公園	朝鮮、南部	1-9
2016	07	阿寒摩周国立公園	英国	1-9
2016	07	阿寒摩周国立公園	香港(PRC)	18
2016	07	十和田八幡平国立公園	アイルランド	1-9
2016	07	十和田八幡平国立公園	アメリカ合衆国	1-9
2016	07	十和田八幡平国立公園	イスラエル	1-9
2016	07	十和田八幡平国立公園	シンガポール	1-9
2016	07	十和田八幡平国立公園	タイ	1-9
2016	07	十和田八幡平国立公園	チリ	1-9
2016	07	十和田八幡平国立公園	パレスチナ	1-9
2016	07	十和田八幡平国立公園	フィンランド	1-9
2016	07	十和田八幡平国立公園	中国	1-9
2016	07	十和田八幡平国立公園	台湾	56
2016	07	十和田八幡平国立公園	朝鮮、南部	1-9
2016	07	十和田八幡平国立公園	英国	1-9
2016	07	十和田八幡平国立公園	香港(PRC)	1-9
2016	07	日光国立公園	アイスランド	1-9
2016	07	日光国立公園	アメリカ合衆国	50
2016	07	日光国立公園	アラブ首長国連邦	1-9
2016	07	日光国立公園	イスラエル	1-9
2016	07	日光国立公園	イタリア	1-9
2016	07	日光国立公園	インドネシア	1-9
2016	07	日光国立公園	オランダ	1-9
2016	07	日光国立公園	オーストラリア	10
2016	07	日光国立公園	オーストリア	1-9
2016	07	日光国立公園	カナダ	1-9
2016	07	日光国立公園	サウジアラビア	1-9
2016	07	日光国立公園	シンガポール	1-9
2016	07	日光国立公園	スイス	1-9
2016	07	日光国立公園	スウェーデン	1-9
2016	07	日光国立公園	スペイン	26
2016	07	日光国立公園	タイ	33
2016	07	日光国立公園	チェコ共和国	1-9
2016	07	日光国立公園	ドイツ	1-9
2016	07	日光国立公園	ハンガリー	1-9
2016	07	日光国立公園	パレスチナ	1-9
2016	07	日光国立公園	フィリピン	1-9
2016	07	日光国立公園	フィンランド	1-9
2016	07	日光国立公園	フランス	15
2016	07	日光国立公園	ベルギー	1-9
2016	07	日光国立公園	ポルトガル	1-9
2016	07	日光国立公園	ポーランド	1-9
2016	07	日光国立公園	マレーシア	1-9
2016	07	日光国立公園	メキシコ	1-9
2016	07	日光国立公園	ルクセンブルク	1-9
2016	07	日光国立公園	ロシア連邦	1-9
2016	07	日光国立公園	中国	1-9
2016	07	日光国立公園	台湾	92
2016	07	日光国立公園	朝鮮、南部	1-9
2016	07	日光国立公園	英国	10
2016	07	日光国立公園	香港(PRC)	1-9
2016	07	伊勢志摩国立公園	アメリカ合衆国	12
2016	07	伊勢志摩国立公園	アラブ首長国連邦	1-9
2016	07	伊勢志摩国立公園	イタリア	1-9
2016	07	伊勢志摩国立公園	インド	1-9
2016	07	伊勢志摩国立公園	インドネシア	1-9
2016	07	伊勢志摩国立公園	オーストラリア	1-9
2016	07	伊勢志摩国立公園	シンガポール	1-9
2016	07	伊勢志摩国立公園	スイス	1-9
2016	07	伊勢志摩国立公園	スウェーデン	1-9
2016	07	伊勢志摩国立公園	タイ	11
2016	07	伊勢志摩国立公園	トルコ	1-9
2016	07	伊勢志摩国立公園	ドイツ	1-9
2016	07	伊勢志摩国立公園	ニュージーランド	1-9
2016	07	伊勢志摩国立公園	フィリピン	1-9
2016	07	伊勢志摩国立公園	フランス	1-9
2016	07	伊勢志摩国立公園	ベルギー	1-9
2016	07	伊勢志摩国立公園	ペルー	1-9
2016	07	伊勢志摩国立公園	ポルトガル	1-9
2016	07	伊勢志摩国立公園	マカオ(PRC)	1-9
2016	07	伊勢志摩国立公園	マレーシア	1-9
2016	07	伊勢志摩国立公園	中国	10
2016	07	伊勢志摩国立公園	台湾	62
2016	07	伊勢志摩国立公園	朝鮮、南部	1-9
2016	07	伊勢志摩国立公園	英国	1-9
2016	07	伊勢志摩国立公園	香港(PRC)	14
2016	08	阿寒摩周国立公園	アメリカ合衆国	1-9
2016	08	阿寒摩周国立公園	イタリア	1-9
2016	08	阿寒摩周国立公園	オランダ	1-9
2016	08	阿寒摩周国立公園	オーストラリア	1-9
2016	08	阿寒摩周国立公園	シンガポール	1-9
2016	08	阿寒摩周国立公園	スイス	1-9
2016	08	阿寒摩周国立公園	タイ	1-9
2016	08	阿寒摩周国立公園	フランス	1-9
2016	08	阿寒摩周国立公園	マレーシア	1-9
2016	08	阿寒摩周国立公園	中国	1-9
2016	08	阿寒摩周国立公園	台湾	17
2016	08	阿寒摩周国立公園	朝鮮、南部	1-9
2016	08	阿寒摩周国立公園	英国	1-9
2016	08	阿寒摩周国立公園	香港(PRC)	1-9
2016	08	十和田八幡平国立公園	アメリカ合衆国	1-9
2016	08	十和田八幡平国立公園	シンガポール	1-9
2016	08	十和田八幡平国立公園	タイ	1-9
2016	08	十和田八幡平国立公園	ドイツ	1-9
2016	08	十和田八幡平国立公園	ベルギー	1-9
2016	08	十和田八幡平国立公園	中国	1-9
2016	08	十和田八幡平国立公園	台湾	21
2016	08	十和田八幡平国立公園	朝鮮、南部	1-9
2016	08	十和田八幡平国立公園	英国	1-9
2016	08	十和田八幡平国立公園	香港(PRC)	1-9
2016	08	日光国立公園	アイルランド	1-9
2016	08	日光国立公園	アメリカ合衆国	26
2016	08	日光国立公園	アルバニア	1-9
2016	08	日光国立公園	イスラエル	1-9
2016	08	日光国立公園	イタリア	31
2016	08	日光国立公園	インドネシア	1-9
2016	08	日光国立公園	オマーン	1-9
2016	08	日光国立公園	オランダ	1-9
2016	08	日光国立公園	オーストラリア	12
2016	08	日光国立公園	オーストリア	1-9
2016	08	日光国立公園	カナダ	1-9
2016	08	日光国立公園	ギリシア	1-9
2016	08	日光国立公園	クウェート	1-9
2016	08	日光国立公園	シンガポール	1-9
2016	08	日光国立公園	スイス	1-9
2016	08	日光国立公園	スウェーデン	1-9
2016	08	日光国立公園	スペイン	34
2016	08	日光国立公園	スロヴァキア	1-9
2016	08	日光国立公園	タイ	13
2016	08	日光国立公園	チェコ共和国	1-9
2016	08	日光国立公園	ドイツ	10
2016	08	日光国立公園	ニュージーランド	1-9
2016	08	日光国立公園	パレスチナ	1-9
2016	08	日光国立公園	フィリピン	1-9
2016	08	日光国立公園	フィンランド	1-9
2016	08	日光国立公園	フランス	15
2016	08	日光国立公園	ブラジル	1-9
2016	08	日光国立公園	ブルガリア	1-9
2016	08	日光国立公園	ベトナム	1-9
2016	08	日光国立公園	ベルギー	1-9
2016	08	日光国立公園	ポーランド	1-9
2016	08	日光国立公園	マレーシア	1-9
2016	08	日光国立公園	メキシコ	1-9
2016	08	日光国立公園	モーリシャス	1-9
2016	08	日光国立公園	ロシア連邦	1-9
2016	08	日光国立公園	中国	1-9
2016	08	日光国立公園	台湾	47
2016	08	日光国立公園	朝鮮、南部	1-9
2016	08	日光国立公園	英国	10
2016	08	日光国立公園	香港(PRC)	1-9
2016	08	伊勢志摩国立公園	アメリカ合衆国	17
2016	08	伊勢志摩国立公園	イタリア	1-9
2016	08	伊勢志摩国立公園	オランダ	1-9
2016	08	伊勢志摩国立公園	オーストラリア	1-9
2016	08	伊勢志摩国立公園	タイ	1-9
2016	08	伊勢志摩国立公園	ドイツ	1-9
2016	08	伊勢志摩国立公園	フィリピン	1-9
2016	08	伊勢志摩国立公園	フランス	1-9
2016	08	伊勢志摩国立公園	ポーランド	1-9
2016	08	伊勢志摩国立公園	マカオ(PRC)	1-9
2016	08	伊勢志摩国立公園	ミャンマー	1-9
2016	08	伊勢志摩国立公園	中国	1-9
2016	08	伊勢志摩国立公園	台湾	46
2016	08	伊勢志摩国立公園	朝鮮、南部	1-9
2016	08	伊勢志摩国立公園	英国	1-9
2016	08	伊勢志摩国立公園	香港(PRC)	15
2016	09	阿寒摩周国立公園	アメリカ合衆国	1-9
2016	09	阿寒摩周国立公園	オランダ	1-9
2016	09	阿寒摩周国立公園	オーストラリア	1-9
2016	09	阿寒摩周国立公園	シンガポール	10
2016	09	阿寒摩周国立公園	スイス	1-9
2016	09	阿寒摩周国立公園	中国	1-9
2016	09	阿寒摩周国立公園	台湾	14
2016	09	阿寒摩周国立公園	朝鮮、南部	1-9
2016	09	阿寒摩周国立公園	香港(PRC)	1-9
2016	09	十和田八幡平国立公園	アメリカ合衆国	1-9
2016	09	十和田八幡平国立公園	オーストラリア	1-9
2016	09	十和田八幡平国立公園	タイ	1-9
2016	09	十和田八幡平国立公園	フィリピン	1-9
2016	09	十和田八幡平国立公園	マレーシア	1-9
2016	09	十和田八幡平国立公園	中国	1-9
2016	09	十和田八幡平国立公園	台湾	26
2016	09	十和田八幡平国立公園	英国	1-9
2016	09	十和田八幡平国立公園	香港(PRC)	1-9
2016	09	日光国立公園	アメリカ合衆国	43
2016	09	日光国立公園	イスラエル	1-9
2016	09	日光国立公園	イタリア	1-9
2016	09	日光国立公園	インドネシア	1-9
2016	09	日光国立公園	オランダ	1-9
2016	09	日光国立公園	オーストラリア	10
2016	09	日光国立公園	オーストリア	1-9
2016	09	日光国立公園	カタール	1-9
2016	09	日光国立公園	カナダ	1-9
2016	09	日光国立公園	シンガポール	12
2016	09	日光国立公園	スイス	1-9
2016	09	日光国立公園	スウェーデン	1-9
2016	09	日光国立公園	スペイン	13
2016	09	日光国立公園	スロヴァキア	1-9
2016	09	日光国立公園	タイ	21
2016	09	日光国立公園	チェコ共和国	1-9
2016	09	日光国立公園	チリ	1-9
2016	09	日光国立公園	ドイツ	11
2016	09	日光国立公園	ノルウェー	1-9
2016	09	日光国立公園	ハンガリー	1-9
2016	09	日光国立公園	パレスチナ	1-9
2016	09	日光国立公園	フィリピン	1-9
2016	09	日光国立公園	フランス	1-9
2016	09	日光国立公園	ベルギー	1-9
2016	09	日光国立公園	ポルトガル	1-9
2016	09	日光国立公園	ポーランド	1-9
2016	09	日光国立公園	マレーシア	1-9
2016	09	日光国立公園	メキシコ	1-9
2016	09	日光国立公園	モーリシャス	1-9
2016	09	日光国立公園	中国	1-9
2016	09	日光国立公園	台湾	48
2016	09	日光国立公園	朝鮮、南部	1-9
2016	09	日光国立公園	英国	10
2016	09	日光国立公園	香港(PRC)	1-9
2016	09	伊勢志摩国立公園	アメリカ合衆国	18
2016	09	伊勢志摩国立公園	イタリア	1-9
2016	09	伊勢志摩国立公園	オーストラリア	1-9
2016	09	伊勢志摩国立公園	カナダ	1-9
2016	09	伊勢志摩国立公園	シンガポール	1-9
2016	09	伊勢志摩国立公園	タイ	1-9
2016	09	伊勢志摩国立公園	フィリピン	1-9
2016	09	伊勢志摩国立公園	フランス	1-9
2016	09	伊勢志摩国立公園	マレーシア	1-9
2016	09	伊勢志摩国立公園	ミャンマー	1-9
2016	09	伊勢志摩国立公園	中国	1-9
2016	09	伊勢志摩国立公園	台湾	42
2016	09	伊勢志摩国立公園	朝鮮、南部	1-9
2016	09	伊勢志摩国立公園	英国	1-9
2016	09	伊勢志摩国立公園	香港(PRC)	12
2016	10	阿寒摩周国立公園	アメリカ合衆国	1-9
2016	10	阿寒摩周国立公園	イスラエル	1-9
2016	10	阿寒摩周国立公園	オーストラリア	1-9
2016	10	阿寒摩周国立公園	タイ	1-9
2016	10	阿寒摩周国立公園	ドイツ	1-9
2016	10	阿寒摩周国立公園	パレスチナ	1-9
2016	10	阿寒摩周国立公園	フランス	1-9
2016	10	阿寒摩周国立公園	マレーシア	1-9
2016	10	阿寒摩周国立公園	中国	1-9
2016	10	阿寒摩周国立公園	台湾	24
2016	10	阿寒摩周国立公園	英国	1-9
2016	10	阿寒摩周国立公園	香港(PRC)	1-9
2016	10	十和田八幡平国立公園	アメリカ合衆国	14
2016	10	十和田八幡平国立公園	イスラエル	1-9
2016	10	十和田八幡平国立公園	インドネシア	1-9
2016	10	十和田八幡平国立公園	オーストラリア	1-9
2016	10	十和田八幡平国立公園	カナダ	1-9
2016	10	十和田八幡平国立公園	シンガポール	1-9
2016	10	十和田八幡平国立公園	スイス	1-9
2016	10	十和田八幡平国立公園	タイ	19
2016	10	十和田八幡平国立公園	ドイツ	1-9
2016	10	十和田八幡平国立公園	パレスチナ	1-9
2016	10	十和田八幡平国立公園	フィリピン	1-9
2016	10	十和田八幡平国立公園	マレーシア	1-9
2016	10	十和田八幡平国立公園	中国	1-9
2016	10	十和田八幡平国立公園	台湾	107
2016	10	十和田八幡平国立公園	英国	1-9
2016	10	十和田八幡平国立公園	香港(PRC)	1-9
2016	10	日光国立公園	アイルランド	1-9
2016	10	日光国立公園	アメリカ合衆国	104
2016	10	日光国立公園	アラブ首長国連邦	1-9
2016	10	日光国立公園	アルゼンチン共和国	1-9
2016	10	日光国立公園	イスラエル	1-9
2016	10	日光国立公園	イタリア	1-9
2016	10	日光国立公園	インド	1-9
2016	10	日光国立公園	インドネシア	1-9
2016	10	日光国立公園	ウクライナ	1-9
2016	10	日光国立公園	オランダ	1-9
2016	10	日光国立公園	オーストラリア	17
2016	10	日光国立公園	カナダ	1-9
2016	10	日光国立公園	シンガポール	11
2016	10	日光国立公園	ジブラルタル(英国)	1-9
2016	10	日光国立公園	スイス	1-9
2016	10	日光国立公園	スウェーデン	1-9
2016	10	日光国立公園	スペイン	1-9
2016	10	日光国立公園	スロヴァキア	1-9
2016	10	日光国立公園	タイ	109
2016	10	日光国立公園	チェコ共和国	1-9
2016	10	日光国立公園	チリ	1-9
2016	10	日光国立公園	ドイツ	13
2016	10	日光国立公園	ノルウェー	1-9
2016	10	日光国立公園	パナマ	1-9
2016	10	日光国立公園	パレスチナ	1-9
2016	10	日光国立公園	フィリピン	1-9
2016	10	日光国立公園	フランス	12
2016	10	日光国立公園	ブラジル	1-9
2016	10	日光国立公園	ベトナム	1-9
2016	10	日光国立公園	ベルギー	1-9
2016	10	日光国立公園	ペルー	1-9
2016	10	日光国立公園	ポーランド	1-9
2016	10	日光国立公園	マルタ	1-9
2016	10	日光国立公園	マレーシア	14
2016	10	日光国立公園	メキシコ	1-9
2016	10	日光国立公園	ロシア連邦	1-9
2016	10	日光国立公園	中国	1-9
2016	10	日光国立公園	台湾	136
2016	10	日光国立公園	朝鮮、南部	1-9
2016	10	日光国立公園	英国	1-9
2016	10	日光国立公園	香港(PRC)	16
2016	10	伊勢志摩国立公園	アメリカ合衆国	26
2016	10	伊勢志摩国立公園	オランダ	1-9
2016	10	伊勢志摩国立公園	オーストラリア	1-9
2016	10	伊勢志摩国立公園	カナダ	1-9
2016	10	伊勢志摩国立公園	シンガポール	1-9
2016	10	伊勢志摩国立公園	スイス	1-9
2016	10	伊勢志摩国立公園	スペイン	1-9
2016	10	伊勢志摩国立公園	タイ	11
2016	10	伊勢志摩国立公園	チェコ共和国	1-9
2016	10	伊勢志摩国立公園	ドイツ	1-9
2016	10	伊勢志摩国立公園	フィリピン	1-9
2016	10	伊勢志摩国立公園	フランス	1-9
2016	10	伊勢志摩国立公園	ブラジル	1-9
2016	10	伊勢志摩国立公園	ブルネイ・ダルサラーム	1-9
2016	10	伊勢志摩国立公園	ベルギー	1-9
2016	10	伊勢志摩国立公園	ペルー	1-9
2016	10	伊勢志摩国立公園	ポーランド	1-9
2016	10	伊勢志摩国立公園	マカオ(PRC)	1-9
2016	10	伊勢志摩国立公園	マレーシア	1-9
2016	10	伊勢志摩国立公園	モンゴル	1-9
2016	10	伊勢志摩国立公園	台湾	30
2016	10	伊勢志摩国立公園	英国	1-9
2016	10	伊勢志摩国立公園	香港(PRC)	14
2016	11	阿寒摩周国立公園	アメリカ合衆国	1-9
2016	11	阿寒摩周国立公園	オーストラリア	1-9
2016	11	阿寒摩周国立公園	コスタリカ	1-9
2016	11	阿寒摩周国立公園	シンガポール	1-9
2016	11	阿寒摩周国立公園	台湾	11
2016	11	阿寒摩周国立公園	香港(PRC)	1-9
2016	11	十和田八幡平国立公園	アメリカ合衆国	1-9
2016	11	十和田八幡平国立公園	オーストラリア	1-9
2016	11	十和田八幡平国立公園	シンガポール	1-9
2016	11	十和田八幡平国立公園	スウェーデン	1-9
2016	11	十和田八幡平国立公園	タイ	1-9
2016	11	十和田八幡平国立公園	マレーシア	1-9
2016	11	十和田八幡平国立公園	台湾	28
2016	11	十和田八幡平国立公園	朝鮮、南部	1-9
2016	11	十和田八幡平国立公園	香港(PRC)	1-9
2016	11	日光国立公園	アメリカ合衆国	78
2016	11	日光国立公園	イスラエル	1-9
2016	11	日光国立公園	イタリア	1-9
2016	11	日光国立公園	インド	1-9
2016	11	日光国立公園	インドネシア	10
2016	11	日光国立公園	オランダ	1-9
2016	11	日光国立公園	オーストラリア	10
2016	11	日光国立公園	カタール	1-9
2016	11	日光国立公園	カナダ	1-9
2016	11	日光国立公園	シンガポール	13
2016	11	日光国立公園	スイス	1-9
2016	11	日光国立公園	スウェーデン	1-9
2016	11	日光国立公園	スペイン	1-9
2016	11	日光国立公園	タイ	66
2016	11	日光国立公園	ドイツ	1-9
2016	11	日光国立公園	ハンガリー	1-9
2016	11	日光国立公園	パレスチナ	1-9
2016	11	日光国立公園	フィリピン	1-9
2016	11	日光国立公園	フランス	1-9
2016	11	日光国立公園	ブラジル	1-9
2016	11	日光国立公園	ベトナム	1-9
2016	11	日光国立公園	ベルギー	1-9
2016	11	日光国立公園	ポーランド	1-9
2016	11	日光国立公園	マカオ(PRC)	1-9
2016	11	日光国立公園	マレーシア	17
2016	11	日光国立公園	メキシコ	1-9
2016	11	日光国立公園	ロシア連邦	1-9
2016	11	日光国立公園	中国	1-9
2016	11	日光国立公園	南アフリカ	1-9
2016	11	日光国立公園	台湾	72
2016	11	日光国立公園	朝鮮、南部	1-9
2016	11	日光国立公園	英国	11
2016	11	日光国立公園	香港(PRC)	1-9
2016	11	伊勢志摩国立公園	アメリカ合衆国	33
2016	11	伊勢志摩国立公園	イスラエル	1-9
2016	11	伊勢志摩国立公園	インドネシア	1-9
2016	11	伊勢志摩国立公園	オーストラリア	1-9
2016	11	伊勢志摩国立公園	カナダ	1-9
2016	11	伊勢志摩国立公園	シンガポール	1-9
2016	11	伊勢志摩国立公園	スイス	1-9
2016	11	伊勢志摩国立公園	スウェーデン	1-9
2016	11	伊勢志摩国立公園	タイ	10
2016	11	伊勢志摩国立公園	ドイツ	1-9
2016	11	伊勢志摩国立公園	ニュージーランド	1-9
2016	11	伊勢志摩国立公園	パレスチナ	1-9
2016	11	伊勢志摩国立公園	フィリピン	1-9
2016	11	伊勢志摩国立公園	フランス	1-9
2016	11	伊勢志摩国立公園	マレーシア	1-9
2016	11	伊勢志摩国立公園	ミャンマー	1-9
2016	11	伊勢志摩国立公園	ロシア連邦	1-9
2016	11	伊勢志摩国立公園	中国	1-9
2016	11	伊勢志摩国立公園	台湾	24
2016	11	伊勢志摩国立公園	朝鮮、南部	1-9
2016	11	伊勢志摩国立公園	英国	1-9
2016	11	伊勢志摩国立公園	香港(PRC)	1-9
2016	12	阿寒摩周国立公園	アメリカ合衆国	1-9
2016	12	阿寒摩周国立公園	シンガポール	1-9
2016	12	阿寒摩周国立公園	タイ	1-9
2016	12	阿寒摩周国立公園	マレーシア	1-9
2016	12	阿寒摩周国立公園	中国	1-9
2016	12	阿寒摩周国立公園	台湾	1-9
2016	12	阿寒摩周国立公園	香港(PRC)	1-9
2016	12	十和田八幡平国立公園	アメリカ合衆国	1-9
2016	12	十和田八幡平国立公園	シンガポール	1-9
2016	12	十和田八幡平国立公園	タイ	1-9
2016	12	十和田八幡平国立公園	マレーシア	1-9
2016	12	十和田八幡平国立公園	台湾	10
2016	12	十和田八幡平国立公園	朝鮮、南部	1-9
2016	12	十和田八幡平国立公園	英国	1-9
2016	12	十和田八幡平国立公園	香港(PRC)	1-9
2016	12	日光国立公園	アメリカ合衆国	55
2016	12	日光国立公園	アルゼンチン共和国	1-9
2016	12	日光国立公園	イタリア	1-9
2016	12	日光国立公園	インドネシア	1-9
2016	12	日光国立公園	ウクライナ	1-9
2016	12	日光国立公園	エストニア	1-9
2016	12	日光国立公園	オーストラリア	13
2016	12	日光国立公園	カナダ	1-9
2016	12	日光国立公園	グアテマラ	1-9
2016	12	日光国立公園	シンガポール	14
2016	12	日光国立公園	スイス	1-9
2016	12	日光国立公園	スウェーデン	1-9
2016	12	日光国立公園	スペイン	1-9
2016	12	日光国立公園	タイ	58
2016	12	日光国立公園	トルコ	1-9
2016	12	日光国立公園	ドイツ	1-9
2016	12	日光国立公園	ニュージーランド	1-9
2016	12	日光国立公園	フィリピン	12
2016	12	日光国立公園	フランス	1-9
2016	12	日光国立公園	ブラジル	1-9
2016	12	日光国立公園	ベトナム	1-9
2016	12	日光国立公園	ベルギー	1-9
2016	12	日光国立公園	マレーシア	1-9
2016	12	日光国立公園	メキシコ	1-9
2016	12	日光国立公園	ロシア連邦	1-9
2016	12	日光国立公園	中国	1-9
2016	12	日光国立公園	再結合(フランス)	1-9
2016	12	日光国立公園	台湾	41
2016	12	日光国立公園	朝鮮、南部	1-9
2016	12	日光国立公園	英国	1-9
2016	12	日光国立公園	香港(PRC)	12
2016	12	伊勢志摩国立公園	アメリカ合衆国	29
2016	12	伊勢志摩国立公園	オーストラリア	1-9
2016	12	伊勢志摩国立公園	カナダ	1-9
2016	12	伊勢志摩国立公園	シンガポール	1-9
2016	12	伊勢志摩国立公園	タイ	1-9
2016	12	伊勢志摩国立公園	ドイツ	1-9
2016	12	伊勢志摩国立公園	ニュージーランド	1-9
2016	12	伊勢志摩国立公園	フィリピン	1-9
2016	12	伊勢志摩国立公園	マカオ(PRC)	1-9
2016	12	伊勢志摩国立公園	マレーシア	1-9
2016	12	伊勢志摩国立公園	中国	1-9
2016	12	伊勢志摩国立公園	台湾	20
2016	12	伊勢志摩国立公園	朝鮮、南部	1-9
2016	12	伊勢志摩国立公園	英国	1-9
2016	12	伊勢志摩国立公園	香港(PRC)	16
2017	01	阿寒摩周国立公園	アメリカ合衆国	1-9
2017	01	阿寒摩周国立公園	インドネシア	1-9
2017	01	阿寒摩周国立公園	シンガポール	1-9
2017	01	阿寒摩周国立公園	タイ	1-9
2017	01	阿寒摩周国立公園	フィリピン	1-9
2017	01	阿寒摩周国立公園	ブルネイ・ダルサラーム	1-9
2017	01	阿寒摩周国立公園	ベトナム	1-9
2017	01	阿寒摩周国立公園	マレーシア	1-9
2017	01	阿寒摩周国立公園	中国	1-9
2017	01	阿寒摩周国立公園	台湾	25
2017	01	阿寒摩周国立公園	朝鮮、南部	1-9
2017	01	阿寒摩周国立公園	香港(PRC)	14
2017	01	十和田八幡平国立公園	アメリカ合衆国	1-9
2017	01	十和田八幡平国立公園	オーストラリア	1-9
2017	01	十和田八幡平国立公園	シンガポール	1-9
2017	01	十和田八幡平国立公園	タイ	1-9
2017	01	十和田八幡平国立公園	中国	1-9
2017	01	十和田八幡平国立公園	台湾	14
2017	01	十和田八幡平国立公園	香港(PRC)	1-9
2017	01	日光国立公園	アメリカ合衆国	33
2017	01	日光国立公園	イスラエル	1-9
2017	01	日光国立公園	イタリア	1-9
2017	01	日光国立公園	インドネシア	1-9
2017	01	日光国立公園	オーストラリア	1-9
2017	01	日光国立公園	オーストリア	1-9
2017	01	日光国立公園	カザフスタン	1-9
2017	01	日光国立公園	カナダ	1-9
2017	01	日光国立公園	コロンビア	1-9
2017	01	日光国立公園	スイス	1-9
2017	01	日光国立公園	スウェーデン	1-9
2017	01	日光国立公園	スペイン	1-9
2017	01	日光国立公園	タイ	59
2017	01	日光国立公園	ノルウェー	1-9
2017	01	日光国立公園	パレスチナ	1-9
2017	01	日光国立公園	フィリピン	1-9
2017	01	日光国立公園	フランス	1-9
2017	01	日光国立公園	ブラジル	1-9
2017	01	日光国立公園	ベトナム	1-9
2017	01	日光国立公園	マレーシア	1-9
2017	01	日光国立公園	メキシコ	1-9
2017	01	日光国立公園	中国	1-9
2017	01	日光国立公園	台湾	47
2017	01	日光国立公園	朝鮮、南部	1-9
2017	01	日光国立公園	英国	1-9
2017	01	日光国立公園	香港(PRC)	14
2017	01	伊勢志摩国立公園	アメリカ合衆国	13
2017	01	伊勢志摩国立公園	シンガポール	1-9
2017	01	伊勢志摩国立公園	タイ	1-9
2017	01	伊勢志摩国立公園	ドイツ	1-9
2017	01	伊勢志摩国立公園	フランス	1-9
2017	01	伊勢志摩国立公園	ブラジル	1-9
2017	01	伊勢志摩国立公園	ポルトガル	1-9
2017	01	伊勢志摩国立公園	中国	1-9
2017	01	伊勢志摩国立公園	台湾	36
2017	01	伊勢志摩国立公園	英国	1-9
2017	01	伊勢志摩国立公園	香港(PRC)	13
2017	02	阿寒摩周国立公園	アメリカ合衆国	14
2017	02	阿寒摩周国立公園	インドネシア	1-9
2017	02	阿寒摩周国立公園	オーストラリア	1-9
2017	02	阿寒摩周国立公園	カナダ	1-9
2017	02	阿寒摩周国立公園	シンガポール	1-9
2017	02	阿寒摩周国立公園	タイ	1-9
2017	02	阿寒摩周国立公園	マレーシア	1-9
2017	02	阿寒摩周国立公園	中国	1-9
2017	02	阿寒摩周国立公園	台湾	47
2017	02	阿寒摩周国立公園	英国	1-9
2017	02	阿寒摩周国立公園	香港(PRC)	17
2017	02	十和田八幡平国立公園	アメリカ合衆国	1-9
2017	02	十和田八幡平国立公園	インドネシア	1-9
2017	02	十和田八幡平国立公園	オーストラリア	1-9
2017	02	十和田八幡平国立公園	カンボジア	1-9
2017	02	十和田八幡平国立公園	シンガポール	1-9
2017	02	十和田八幡平国立公園	タイ	1-9
2017	02	十和田八幡平国立公園	ドイツ	1-9
2017	02	十和田八幡平国立公園	ベトナム	1-9
2017	02	十和田八幡平国立公園	中国	1-9
2017	02	十和田八幡平国立公園	台湾	19
2017	02	十和田八幡平国立公園	朝鮮、南部	1-9
2017	02	十和田八幡平国立公園	英国	1-9
2017	02	十和田八幡平国立公園	香港(PRC)	1-9
2017	02	日光国立公園	アメリカ合衆国	32
2017	02	日光国立公園	アルゼンチン共和国	1-9
2017	02	日光国立公園	オランダ	1-9
2017	02	日光国立公園	オーストラリア	1-9
2017	02	日光国立公園	カナダ	1-9
2017	02	日光国立公園	シンガポール	1-9
2017	02	日光国立公園	スイス	1-9
2017	02	日光国立公園	スペイン	1-9
2017	02	日光国立公園	タイ	45
2017	02	日光国立公園	ドイツ	1-9
2017	02	日光国立公園	ニュージーランド	1-9
2017	02	日光国立公園	フィリピン	1-9
2017	02	日光国立公園	ベトナム	1-9
2017	02	日光国立公園	マレーシア	1-9
2017	02	日光国立公園	ラオ	1-9
2017	02	日光国立公園	ロシア連邦	1-9
2017	02	日光国立公園	中国	1-9
2017	02	日光国立公園	台湾	41
2017	02	日光国立公園	朝鮮、南部	1-9
2017	02	日光国立公園	英国	1-9
2017	02	日光国立公園	香港(PRC)	1-9
2017	02	伊勢志摩国立公園	アメリカ合衆国	13
2017	02	伊勢志摩国立公園	インドネシア	1-9
2017	02	伊勢志摩国立公園	オランダ	1-9
2017	02	伊勢志摩国立公園	オーストラリア	1-9
2017	02	伊勢志摩国立公園	シンガポール	1-9
2017	02	伊勢志摩国立公園	スイス	1-9
2017	02	伊勢志摩国立公園	タイ	1-9
2017	02	伊勢志摩国立公園	チェコ共和国	1-9
2017	02	伊勢志摩国立公園	フィリピン	1-9
2017	02	伊勢志摩国立公園	マレーシア	1-9
2017	02	伊勢志摩国立公園	中国	10
2017	02	伊勢志摩国立公園	台湾	24
2017	02	伊勢志摩国立公園	朝鮮、南部	1-9
2017	02	伊勢志摩国立公園	香港(PRC)	20
2017	03	阿寒摩周国立公園	アメリカ合衆国	1-9
2017	03	阿寒摩周国立公園	カナダ	1-9
2017	03	阿寒摩周国立公園	シンガポール	1-9
2017	03	阿寒摩周国立公園	タイ	1-9
2017	03	阿寒摩周国立公園	ドイツ	1-9
2017	03	阿寒摩周国立公園	中国	1-9
2017	03	阿寒摩周国立公園	台湾	31
2017	03	阿寒摩周国立公園	朝鮮、南部	1-9
2017	03	阿寒摩周国立公園	香港(PRC)	1-9
2017	03	十和田八幡平国立公園	アメリカ合衆国	1-9
2017	03	十和田八幡平国立公園	オーストラリア	1-9
2017	03	十和田八幡平国立公園	シンガポール	1-9
2017	03	十和田八幡平国立公園	タイ	1-9
2017	03	十和田八幡平国立公園	フィリピン	1-9
2017	03	十和田八幡平国立公園	メキシコ	1-9
2017	03	十和田八幡平国立公園	中国	1-9
2017	03	十和田八幡平国立公園	台湾	14
2017	03	十和田八幡平国立公園	朝鮮、南部	1-9
2017	03	十和田八幡平国立公園	香港(PRC)	1-9
2017	03	日光国立公園	アメリカ合衆国	94
2017	03	日光国立公園	アラブ首長国連邦	1-9
2017	03	日光国立公園	アルゼンチン共和国	1-9
2017	03	日光国立公園	イスラエル	1-9
2017	03	日光国立公園	イタリア	1-9
2017	03	日光国立公園	イラン	1-9
2017	03	日光国立公園	インド	1-9
2017	03	日光国立公園	インドネシア	1-9
2017	03	日光国立公園	ウルグアイ	1-9
2017	03	日光国立公園	オランダ	11
2017	03	日光国立公園	オーストラリア	12
2017	03	日光国立公園	オーストリア	1-9
2017	03	日光国立公園	カタール	1-9
2017	03	日光国立公園	カナダ	1-9
2017	03	日光国立公園	クウェート	1-9
2017	03	日光国立公園	サウジアラビア	1-9
2017	03	日光国立公園	シンガポール	11
2017	03	日光国立公園	スイス	1-9
2017	03	日光国立公園	スウェーデン	1-9
2017	03	日光国立公園	スペイン	1-9
2017	03	日光国立公園	スリランカ	1-9
2017	03	日光国立公園	タイ	84
2017	03	日光国立公園	チェコ共和国	1-9
2017	03	日光国立公園	チリ	1-9
2017	03	日光国立公園	デンマーク	1-9
2017	03	日光国立公園	ドイツ	19
2017	03	日光国立公園	ニュージーランド	1-9
2017	03	日光国立公園	ハンガリー	1-9
2017	03	日光国立公園	バングラデシュ	1-9
2017	03	日光国立公園	パキスタン	1-9
2017	03	日光国立公園	パレスチナ	1-9
2017	03	日光国立公園	フィリピン	1-9
2017	03	日光国立公園	フィンランド	1-9
2017	03	日光国立公園	フランス	10
2017	03	日光国立公園	ブラジル	1-9
2017	03	日光国立公園	ベトナム	1-9
2017	03	日光国立公園	ベルギー	1-9
2017	03	日光国立公園	マレーシア	1-9
2017	03	日光国立公園	ミャンマー	1-9
2017	03	日光国立公園	メキシコ	1-9
2017	03	日光国立公園	ラオ	1-9
2017	03	日光国立公園	ロシア連邦	1-9
2017	03	日光国立公園	中国	1-9
2017	03	日光国立公園	台湾	45
2017	03	日光国立公園	朝鮮、南部	1-9
2017	03	日光国立公園	英国	12
2017	03	日光国立公園	香港(PRC)	13
2017	03	伊勢志摩国立公園	アメリカ合衆国	28
2017	03	伊勢志摩国立公園	イタリア	1-9
2017	03	伊勢志摩国立公園	インドネシア	1-9
2017	03	伊勢志摩国立公園	オーストラリア	1-9
2017	03	伊勢志摩国立公園	カナダ	1-9
2017	03	伊勢志摩国立公園	コロンビア	1-9
2017	03	伊勢志摩国立公園	シンガポール	1-9
2017	03	伊勢志摩国立公園	タイ	1-9
2017	03	伊勢志摩国立公園	チリ	1-9
2017	03	伊勢志摩国立公園	ドイツ	1-9
2017	03	伊勢志摩国立公園	フィリピン	1-9
2017	03	伊勢志摩国立公園	フィンランド	1-9
2017	03	伊勢志摩国立公園	フランス	1-9
2017	03	伊勢志摩国立公園	ブラジル	1-9
2017	03	伊勢志摩国立公園	ベルギー	1-9
2017	03	伊勢志摩国立公園	マレーシア	1-9
2017	03	伊勢志摩国立公園	ミャンマー	1-9
2017	03	伊勢志摩国立公園	中国	1-9
2017	03	伊勢志摩国立公園	台湾	57
2017	03	伊勢志摩国立公園	朝鮮、南部	1-9
2017	03	伊勢志摩国立公園	香港(PRC)	14
2017	04	阿寒摩周国立公園	アメリカ合衆国	1-9
2017	04	阿寒摩周国立公園	オーストラリア	1-9
2017	04	阿寒摩周国立公園	シンガポール	1-9
2017	04	阿寒摩周国立公園	マレーシア	1-9
2017	04	阿寒摩周国立公園	台湾	17
2017	04	阿寒摩周国立公園	朝鮮、南部	1-9
2017	04	阿寒摩周国立公園	香港(PRC)	1-9
2017	04	十和田八幡平国立公園	アメリカ合衆国	12
2017	04	十和田八幡平国立公園	オーストラリア	1-9
2017	04	十和田八幡平国立公園	カナダ	1-9
2017	04	十和田八幡平国立公園	シンガポール	1-9
2017	04	十和田八幡平国立公園	タイ	11
2017	04	十和田八幡平国立公園	ドイツ	1-9
2017	04	十和田八幡平国立公園	ハンガリー	1-9
2017	04	十和田八幡平国立公園	フィリピン	1-9
2017	04	十和田八幡平国立公園	ベトナム	1-9
2017	04	十和田八幡平国立公園	ポルトガル	1-9
2017	04	十和田八幡平国立公園	マレーシア	1-9
2017	04	十和田八幡平国立公園	メキシコ	1-9
2017	04	十和田八幡平国立公園	中国	1-9
2017	04	十和田八幡平国立公園	台湾	55
2017	04	十和田八幡平国立公園	朝鮮、南部	1-9
2017	04	十和田八幡平国立公園	英国	1-9
2017	04	十和田八幡平国立公園	香港(PRC)	12
2017	04	日光国立公園	アメリカ合衆国	145
2017	04	日光国立公園	アラブ首長国連邦	1-9
2017	04	日光国立公園	アルゼンチン共和国	1-9
2017	04	日光国立公園	イスラエル	1-9
2017	04	日光国立公園	イタリア	16
2017	04	日光国立公園	インド	1-9
2017	04	日光国立公園	インドネシア	1-9
2017	04	日光国立公園	オランダ	1-9
2017	04	日光国立公園	オーストラリア	23
2017	04	日光国立公園	オーストリア	1-9
2017	04	日光国立公園	カナダ	1-9
2017	04	日光国立公園	クロアチア	1-9
2017	04	日光国立公園	シンガポール	14
2017	04	日光国立公園	スイス	13
2017	04	日光国立公園	スウェーデン	1-9
2017	04	日光国立公園	スペイン	1-9
2017	04	日光国立公園	スロベニア	1-9
2017	04	日光国立公園	セルビア(共和国、の)	1-9
2017	04	日光国立公園	タイ	121
2017	04	日光国立公園	チェコ共和国	1-9
2017	04	日光国立公園	デンマーク	1-9
2017	04	日光国立公園	ドイツ	17
2017	04	日光国立公園	ニュージーランド	1-9
2017	04	日光国立公園	ノルウェー	1-9
2017	04	日光国立公園	ハンガリー	1-9
2017	04	日光国立公園	パレスチナ	1-9
2017	04	日光国立公園	フィリピン	10
2017	04	日光国立公園	フィンランド	1-9
2017	04	日光国立公園	フランス	12
2017	04	日光国立公園	ブラジル	10
2017	04	日光国立公園	ベトナム	1-9
2017	04	日光国立公園	ベラルーシ	1-9
2017	04	日光国立公園	ベルギー	1-9
2017	04	日光国立公園	ポルトガル	1-9
2017	04	日光国立公園	ポーランド	1-9
2017	04	日光国立公園	マレーシア	11
2017	04	日光国立公園	メキシコ	10
2017	04	日光国立公園	モロッコ	1-9
2017	04	日光国立公園	ロシア連邦	1-9
2017	04	日光国立公園	中国	13
2017	04	日光国立公園	台湾	129
2017	04	日光国立公園	朝鮮、南部	1-9
2017	04	日光国立公園	英国	16
2017	04	日光国立公園	香港(PRC)	28
2017	04	伊勢志摩国立公園	アメリカ合衆国	34
2017	04	伊勢志摩国立公園	インドネシア	1-9
2017	04	伊勢志摩国立公園	オランダ	1-9
2017	04	伊勢志摩国立公園	オーストラリア	1-9
2017	04	伊勢志摩国立公園	カタール	1-9
2017	04	伊勢志摩国立公園	カナダ	1-9
2017	04	伊勢志摩国立公園	シンガポール	1-9
2017	04	伊勢志摩国立公園	スイス	1-9
2017	04	伊勢志摩国立公園	スウェーデン	1-9
2017	04	伊勢志摩国立公園	スペイン	1-9
2017	04	伊勢志摩国立公園	セルビア(共和国、の)	1-9
2017	04	伊勢志摩国立公園	タイ	13
2017	04	伊勢志摩国立公園	ドイツ	1-9
2017	04	伊勢志摩国立公園	ニュージーランド	1-9
2017	04	伊勢志摩国立公園	フィリピン	1-9
2017	04	伊勢志摩国立公園	フランス	1-9
2017	04	伊勢志摩国立公園	ベルギー	1-9
2017	04	伊勢志摩国立公園	マレーシア	1-9
2017	04	伊勢志摩国立公園	ミャンマー	1-9
2017	04	伊勢志摩国立公園	中国	16
2017	04	伊勢志摩国立公園	台湾	55
2017	04	伊勢志摩国立公園	朝鮮、南部	1-9
2017	04	伊勢志摩国立公園	英国	1-9
2017	04	伊勢志摩国立公園	香港(PRC)	27
2017	05	阿寒摩周国立公園	アメリカ合衆国	1-9
2017	05	阿寒摩周国立公園	カナダ	1-9
2017	05	阿寒摩周国立公園	シンガポール	1-9
2017	05	阿寒摩周国立公園	セルビア(共和国、の)	1-9
2017	05	阿寒摩周国立公園	タイ	1-9
2017	05	阿寒摩周国立公園	フィリピン	1-9
2017	05	阿寒摩周国立公園	ポーランド	1-9
2017	05	阿寒摩周国立公園	マカオ(PRC)	1-9
2017	05	阿寒摩周国立公園	マレーシア	1-9
2017	05	阿寒摩周国立公園	中国	1-9
2017	05	阿寒摩周国立公園	台湾	29
2017	05	阿寒摩周国立公園	香港(PRC)	1-9
2017	05	十和田八幡平国立公園	アメリカ合衆国	1-9
2017	05	十和田八幡平国立公園	イスラエル	1-9
2017	05	十和田八幡平国立公園	オーストラリア	1-9
2017	05	十和田八幡平国立公園	シンガポール	1-9
2017	05	十和田八幡平国立公園	タイ	1-9
2017	05	十和田八幡平国立公園	パレスチナ	1-9
2017	05	十和田八幡平国立公園	モロッコ	1-9
2017	05	十和田八幡平国立公園	ロシア連邦	1-9
2017	05	十和田八幡平国立公園	台湾	13
2017	05	十和田八幡平国立公園	朝鮮、南部	1-9
2017	05	十和田八幡平国立公園	英国	1-9
2017	05	日光国立公園	アメリカ合衆国	69
2017	05	日光国立公園	アラブ首長国連邦	1-9
2017	05	日光国立公園	アルゼンチン共和国	1-9
2017	05	日光国立公園	イタリア	1-9
2017	05	日光国立公園	インド	1-9
2017	05	日光国立公園	インドネシア	1-9
2017	05	日光国立公園	オランダ	1-9
2017	05	日光国立公園	オーストラリア	1-9
2017	05	日光国立公園	オーストリア	1-9
2017	05	日光国立公園	カナダ	1-9
2017	05	日光国立公園	クウェート	1-9
2017	05	日光国立公園	シンガポール	1-9
2017	05	日光国立公園	スイス	1-9
2017	05	日光国立公園	スウェーデン	1-9
2017	05	日光国立公園	スペイン	1-9
2017	05	日光国立公園	タイ	44
2017	05	日光国立公園	チェコ共和国	1-9
2017	05	日光国立公園	チリ	1-9
2017	05	日光国立公園	デンマーク	1-9
2017	05	日光国立公園	トルコ	1-9
2017	05	日光国立公園	ドイツ	1-9
2017	05	日光国立公園	ニュージーランド	1-9
2017	05	日光国立公園	ノルウェー	1-9
2017	05	日光国立公園	パナマ	1-9
2017	05	日光国立公園	フィリピン	1-9
2017	05	日光国立公園	フィンランド	1-9
2017	05	日光国立公園	フランス	1-9
2017	05	日光国立公園	ブラジル	1-9
2017	05	日光国立公園	ブルガリア	1-9
2017	05	日光国立公園	ベラルーシ	1-9
2017	05	日光国立公園	ベルギー	1-9
2017	05	日光国立公園	ポーランド	1-9
2017	05	日光国立公園	マカオ(PRC)	1-9
2017	05	日光国立公園	マレーシア	1-9
2017	05	日光国立公園	メキシコ	1-9
2017	05	日光国立公園	ルーマニア	1-9
2017	05	日光国立公園	中国	1-9
2017	05	日光国立公園	南アフリカ	1-9
2017	05	日光国立公園	台湾	60
2017	05	日光国立公園	朝鮮、南部	1-9
2017	05	日光国立公園	英国	14
2017	05	日光国立公園	香港(PRC)	1-9
2017	05	伊勢志摩国立公園	アメリカ合衆国	34
2017	05	伊勢志摩国立公園	インド	1-9
2017	05	伊勢志摩国立公園	オーストラリア	1-9
2017	05	伊勢志摩国立公園	オーストリア	1-9
2017	05	伊勢志摩国立公園	カナダ	1-9
2017	05	伊勢志摩国立公園	シンガポール	1-9
2017	05	伊勢志摩国立公園	タイ	1-9
2017	05	伊勢志摩国立公園	チェコ共和国	1-9
2017	05	伊勢志摩国立公園	トルコ	1-9
2017	05	伊勢志摩国立公園	パナマ	1-9
2017	05	伊勢志摩国立公園	フィリピン	1-9
2017	05	伊勢志摩国立公園	フランス	1-9
2017	05	伊勢志摩国立公園	ポーランド	1-9
2017	05	伊勢志摩国立公園	マレーシア	1-9
2017	05	伊勢志摩国立公園	中国	12
2017	05	伊勢志摩国立公園	台湾	19
2017	05	伊勢志摩国立公園	朝鮮、南部	1-9
2017	05	伊勢志摩国立公園	英国	1-9
2017	05	伊勢志摩国立公園	香港(PRC)	1-9
2017	06	阿寒摩周国立公園	アメリカ合衆国	16
2017	06	阿寒摩周国立公園	オランダ	1-9
2017	06	阿寒摩周国立公園	オーストラリア	1-9
2017	06	阿寒摩周国立公園	シンガポール	1-9
2017	06	阿寒摩周国立公園	スイス	1-9
2017	06	阿寒摩周国立公園	セルビア(共和国、の)	1-9
2017	06	阿寒摩周国立公園	ニュージーランド	1-9
2017	06	阿寒摩周国立公園	マレーシア	1-9
2017	06	阿寒摩周国立公園	中国	1-9
2017	06	阿寒摩周国立公園	台湾	18
2017	06	阿寒摩周国立公園	英国	1-9
2017	06	阿寒摩周国立公園	香港(PRC)	1-9
2017	06	十和田八幡平国立公園	アメリカ合衆国	1-9
2017	06	十和田八幡平国立公園	オーストラリア	1-9
2017	06	十和田八幡平国立公園	カナダ	1-9
2017	06	十和田八幡平国立公園	フィリピン	1-9
2017	06	十和田八幡平国立公園	中国	1-9
2017	06	十和田八幡平国立公園	台湾	10
2017	06	十和田八幡平国立公園	朝鮮、南部	1-9
2017	06	十和田八幡平国立公園	英国	1-9
2017	06	十和田八幡平国立公園	香港(PRC)	1-9
2017	06	日光国立公園	アメリカ合衆国	62
2017	06	日光国立公園	アルゼンチン共和国	1-9
2017	06	日光国立公園	イスラエル	1-9
2017	06	日光国立公園	イタリア	1-9
2017	06	日光国立公園	インド	1-9
2017	06	日光国立公園	インドネシア	1-9
2017	06	日光国立公園	オランダ	1-9
2017	06	日光国立公園	オーストラリア	1-9
2017	06	日光国立公園	オーストリア	1-9
2017	06	日光国立公園	カナダ	1-9
2017	06	日光国立公園	シンガポール	1-9
2017	06	日光国立公園	スウェーデン	1-9
2017	06	日光国立公園	スペイン	1-9
2017	06	日光国立公園	タイ	21
2017	06	日光国立公園	トルコ	1-9
2017	06	日光国立公園	ドイツ	1-9
2017	06	日光国立公園	ニュージーランド	1-9
2017	06	日光国立公園	ノルウェー	1-9
2017	06	日光国立公園	バングラデシュ	1-9
2017	06	日光国立公園	パレスチナ	1-9
2017	06	日光国立公園	フィリピン	1-9
2017	06	日光国立公園	フィンランド	1-9
2017	06	日光国立公園	フランス	1-9
2017	06	日光国立公園	ブラジル	1-9
2017	06	日光国立公園	ベトナム	1-9
2017	06	日光国立公園	ポルトガル	1-9
2017	06	日光国立公園	ポーランド	1-9
2017	06	日光国立公園	マレーシア	1-9
2017	06	日光国立公園	メキシコ	1-9
2017	06	日光国立公園	ロシア連邦	1-9
2017	06	日光国立公園	中国	1-9
2017	06	日光国立公園	台湾	45
2017	06	日光国立公園	朝鮮、南部	1-9
2017	06	日光国立公園	英国	1-9
2017	06	日光国立公園	香港(PRC)	1-9
2017	06	伊勢志摩国立公園	アメリカ合衆国	35
2017	06	伊勢志摩国立公園	オランダ	1-9
2017	06	伊勢志摩国立公園	オーストラリア	1-9
2017	06	伊勢志摩国立公園	シンガポール	1-9
2017	06	伊勢志摩国立公園	タイ	10
2017	06	伊勢志摩国立公園	ドイツ	1-9
2017	06	伊勢志摩国立公園	フィリピン	1-9
2017	06	伊勢志摩国立公園	ブラジル	1-9
2017	06	伊勢志摩国立公園	ボリビア	1-9
2017	06	伊勢志摩国立公園	マレーシア	1-9
2017	06	伊勢志摩国立公園	中国	1-9
2017	06	伊勢志摩国立公園	台湾	23
2017	06	伊勢志摩国立公園	朝鮮、南部	1-9
2017	06	伊勢志摩国立公園	英国	1-9
2017	06	伊勢志摩国立公園	香港(PRC)	1-9
2017	07	阿寒摩周国立公園	アメリカ合衆国	1-9
2017	07	阿寒摩周国立公園	カナダ	1-9
2017	07	阿寒摩周国立公園	シンガポール	1-9
2017	07	阿寒摩周国立公園	ドイツ	1-9
2017	07	阿寒摩周国立公園	フランス	1-9
2017	07	阿寒摩周国立公園	マレーシア	1-9
2017	07	阿寒摩周国立公園	中国	1-9
2017	07	阿寒摩周国立公園	台湾	35
2017	07	阿寒摩周国立公園	朝鮮、南部	1-9
2017	07	阿寒摩周国立公園	香港(PRC)	14
2017	07	十和田八幡平国立公園	アメリカ合衆国	1-9
2017	07	十和田八幡平国立公園	タイ	1-9
2017	07	十和田八幡平国立公園	フランス	1-9
2017	07	十和田八幡平国立公園	ポルトガル	1-9
2017	07	十和田八幡平国立公園	中国	1-9
2017	07	十和田八幡平国立公園	台湾	25
2017	07	十和田八幡平国立公園	英国	1-9
2017	07	十和田八幡平国立公園	香港(PRC)	1-9
2017	07	日光国立公園	アメリカ合衆国	54
2017	07	日光国立公園	アルゼンチン共和国	1-9
2017	07	日光国立公園	イタリア	1-9
2017	07	日光国立公園	インドネシア	1-9
2017	07	日光国立公園	オランダ	10
2017	07	日光国立公園	オーストラリア	1-9
2017	07	日光国立公園	オーストリア	1-9
2017	07	日光国立公園	カナダ	1-9
2017	07	日光国立公園	ギリシア	1-9
2017	07	日光国立公園	ケニア	1-9
2017	07	日光国立公園	スイス	1-9
2017	07	日光国立公園	スウェーデン	1-9
2017	07	日光国立公園	スペイン	11
2017	07	日光国立公園	タイ	26
2017	07	日光国立公園	デンマーク	1-9
2017	07	日光国立公園	ドイツ	1-9
2017	07	日光国立公園	ノルウェー	1-9
2017	07	日光国立公園	ハンガリー	1-9
2017	07	日光国立公園	フィリピン	1-9
2017	07	日光国立公園	フィンランド	1-9
2017	07	日光国立公園	フランス	1-9
2017	07	日光国立公園	ブラジル	1-9
2017	07	日光国立公園	ベトナム	1-9
2017	07	日光国立公園	ベルギー	1-9
2017	07	日光国立公園	ポーランド	1-9
2017	07	日光国立公園	マカオ(PRC)	1-9
2017	07	日光国立公園	マレーシア	1-9
2017	07	日光国立公園	メキシコ	1-9
2017	07	日光国立公園	ラオ	1-9
2017	07	日光国立公園	ルクセンブルク	1-9
2017	07	日光国立公園	ロシア連邦	1-9
2017	07	日光国立公園	中国	1-9
2017	07	日光国立公園	南アフリカ	1-9
2017	07	日光国立公園	台湾	55
2017	07	日光国立公園	朝鮮、南部	1-9
2017	07	日光国立公園	英国	1-9
2017	07	日光国立公園	香港(PRC)	1-9
2017	07	伊勢志摩国立公園	アイルランド	1-9
2017	07	伊勢志摩国立公園	アメリカ合衆国	35
2017	07	伊勢志摩国立公園	インドネシア	1-9
2017	07	伊勢志摩国立公園	オーストラリア	1-9
2017	07	伊勢志摩国立公園	カナダ	1-9
2017	07	伊勢志摩国立公園	シンガポール	1-9
2017	07	伊勢志摩国立公園	スイス	1-9
2017	07	伊勢志摩国立公園	セルビア(共和国、の)	1-9
2017	07	伊勢志摩国立公園	タイ	1-9
2017	07	伊勢志摩国立公園	ドイツ	1-9
2017	07	伊勢志摩国立公園	パプアニューギニア	1-9
2017	07	伊勢志摩国立公園	フランス	1-9
2017	07	伊勢志摩国立公園	ベトナム	1-9
2017	07	伊勢志摩国立公園	ポーランド	1-9
2017	07	伊勢志摩国立公園	マレーシア	1-9
2017	07	伊勢志摩国立公園	中国	1-9
2017	07	伊勢志摩国立公園	台湾	26
2017	07	伊勢志摩国立公園	朝鮮、南部	1-9
2017	07	伊勢志摩国立公園	英国	1-9
2017	07	伊勢志摩国立公園	香港(PRC)	11
2017	08	阿寒摩周国立公園	アメリカ合衆国	1-9
2017	08	阿寒摩周国立公園	オーストラリア	1-9
2017	08	阿寒摩周国立公園	シンガポール	1-9
2017	08	阿寒摩周国立公園	スイス	1-9
2017	08	阿寒摩周国立公園	スペイン	1-9
2017	08	阿寒摩周国立公園	タイ	1-9
2017	08	阿寒摩周国立公園	ドイツ	1-9
2017	08	阿寒摩周国立公園	フランス	1-9
2017	08	阿寒摩周国立公園	ロシア連邦	1-9
2017	08	阿寒摩周国立公園	中国	1-9
2017	08	阿寒摩周国立公園	台湾	24
2017	08	阿寒摩周国立公園	朝鮮、南部	1-9
2017	08	阿寒摩周国立公園	英国	1-9
2017	08	阿寒摩周国立公園	香港(PRC)	1-9
2017	08	十和田八幡平国立公園	アメリカ合衆国	1-9
2017	08	十和田八幡平国立公園	インド	1-9
2017	08	十和田八幡平国立公園	オーストラリア	1-9
2017	08	十和田八幡平国立公園	シンガポール	1-9
2017	08	十和田八幡平国立公園	スペイン	1-9
2017	08	十和田八幡平国立公園	セルビア(共和国、の)	1-9
2017	08	十和田八幡平国立公園	ハンガリー	1-9
2017	08	十和田八幡平国立公園	マレーシア	1-9
2017	08	十和田八幡平国立公園	中国	1-9
2017	08	十和田八幡平国立公園	台湾	11
2017	08	十和田八幡平国立公園	朝鮮、南部	1-9
2017	08	十和田八幡平国立公園	香港(PRC)	1-9
2017	08	日光国立公園	アメリカ合衆国	49
2017	08	日光国立公園	イタリア	24
2017	08	日光国立公園	イラン	1-9
2017	08	日光国立公園	インド	1-9
2017	08	日光国立公園	インドネシア	1-9
2017	08	日光国立公園	ウルグアイ	1-9
2017	08	日光国立公園	オランダ	1-9
2017	08	日光国立公園	オーストラリア	1-9
2017	08	日光国立公園	オーストリア	1-9
2017	08	日光国立公園	シンガポール	1-9
2017	08	日光国立公園	スイス	1-9
2017	08	日光国立公園	スウェーデン	1-9
2017	08	日光国立公園	スペイン	14
2017	08	日光国立公園	タイ	1-9
2017	08	日光国立公園	チェコ共和国	1-9
2017	08	日光国立公園	トルコ	1-9
2017	08	日光国立公園	ドイツ	1-9
2017	08	日光国立公園	ネパール	1-9
2017	08	日光国立公園	ハンガリー	1-9
2017	08	日光国立公園	パキスタン	1-9
2017	08	日光国立公園	フィリピン	1-9
2017	08	日光国立公園	フランス	11
2017	08	日光国立公園	ブラジル	1-9
2017	08	日光国立公園	ベトナム	1-9
2017	08	日光国立公園	ベルギー	1-9
2017	08	日光国立公園	ポーランド	1-9
2017	08	日光国立公園	マレーシア	1-9
2017	08	日光国立公園	ミャンマー	1-9
2017	08	日光国立公園	メキシコ	1-9
2017	08	日光国立公園	ルーマニア	1-9
2017	08	日光国立公園	ロシア連邦	1-9
2017	08	日光国立公園	中国	1-9
2017	08	日光国立公園	台湾	34
2017	08	日光国立公園	朝鮮、南部	1-9
2017	08	日光国立公園	英国	1-9
2017	08	日光国立公園	香港(PRC)	1-9
2017	08	伊勢志摩国立公園	アメリカ合衆国	29
2017	08	伊勢志摩国立公園	インドネシア	1-9
2017	08	伊勢志摩国立公園	カナダ	1-9
2017	08	伊勢志摩国立公園	スイス	1-9
2017	08	伊勢志摩国立公園	スペイン	1-9
2017	08	伊勢志摩国立公園	セルビア(共和国、の)	1-9
2017	08	伊勢志摩国立公園	タイ	1-9
2017	08	伊勢志摩国立公園	ドイツ	1-9
2017	08	伊勢志摩国立公園	フランス	1-9
2017	08	伊勢志摩国立公園	ポルトガル	1-9
2017	08	伊勢志摩国立公園	マレーシア	1-9
2017	08	伊勢志摩国立公園	中国	1-9
2017	08	伊勢志摩国立公園	台湾	23
2017	08	伊勢志摩国立公園	朝鮮、南部	1-9
2017	08	伊勢志摩国立公園	香港(PRC)	1-9
2017	09	阿寒摩周国立公園	アメリカ合衆国	17
2017	09	阿寒摩周国立公園	アルゼンチン共和国	1-9
2017	09	阿寒摩周国立公園	オランダ	1-9
2017	09	阿寒摩周国立公園	オーストラリア	1-9
2017	09	阿寒摩周国立公園	シンガポール	1-9
2017	09	阿寒摩周国立公園	タイ	1-9
2017	09	阿寒摩周国立公園	ドイツ	1-9
2017	09	阿寒摩周国立公園	フィリピン	1-9
2017	09	阿寒摩周国立公園	マレーシア	1-9
2017	09	阿寒摩周国立公園	中国	1-9
2017	09	阿寒摩周国立公園	台湾	14
2017	09	阿寒摩周国立公園	朝鮮、南部	1-9
2017	09	阿寒摩周国立公園	香港(PRC)	1-9
2017	09	十和田八幡平国立公園	アメリカ合衆国	1-9
2017	09	十和田八幡平国立公園	オーストラリア	1-9
2017	09	十和田八幡平国立公園	カタール	1-9
2017	09	十和田八幡平国立公園	シンガポール	1-9
2017	09	十和田八幡平国立公園	ドイツ	1-9
2017	09	十和田八幡平国立公園	フランス	1-9
2017	09	十和田八幡平国立公園	マレーシア	1-9
2017	09	十和田八幡平国立公園	中国	1-9
2017	09	十和田八幡平国立公園	台湾	11
2017	09	十和田八幡平国立公園	朝鮮、南部	1-9
2017	09	十和田八幡平国立公園	英国	1-9
2017	09	十和田八幡平国立公園	香港(PRC)	1-9
2017	09	日光国立公園	アメリカ合衆国	56
2017	09	日光国立公園	アルゼンチン共和国	1-9
2017	09	日光国立公園	イスラエル	1-9
2017	09	日光国立公園	イタリア	1-9
2017	09	日光国立公園	インド	1-9
2017	09	日光国立公園	オランダ	1-9
2017	09	日光国立公園	オーストラリア	12
2017	09	日光国立公園	オーストリア	1-9
2017	09	日光国立公園	カナダ	1-9
2017	09	日光国立公園	コスタリカ	1-9
2017	09	日光国立公園	コロンビア	1-9
2017	09	日光国立公園	シンガポール	1-9
2017	09	日光国立公園	スイス	1-9
2017	09	日光国立公園	スペイン	1-9
2017	09	日光国立公園	タイ	16
2017	09	日光国立公園	チリ	1-9
2017	09	日光国立公園	ドイツ	15
2017	09	日光国立公園	ニュージーランド	1-9
2017	09	日光国立公園	パレスチナ	1-9
2017	09	日光国立公園	フィリピン	1-9
2017	09	日光国立公園	フィンランド	1-9
2017	09	日光国立公園	フランス	1-9
2017	09	日光国立公園	ブラジル	1-9
2017	09	日光国立公園	ベトナム	1-9
2017	09	日光国立公園	ベルギー	1-9
2017	09	日光国立公園	ポーランド	1-9
2017	09	日光国立公園	マルタ	1-9
2017	09	日光国立公園	マレーシア	1-9
2017	09	日光国立公園	メキシコ	1-9
2017	09	日光国立公園	ロシア連邦	1-9
2017	09	日光国立公園	中国	1-9
2017	09	日光国立公園	南アフリカ	1-9
2017	09	日光国立公園	台湾	24
2017	09	日光国立公園	朝鮮、南部	1-9
2017	09	日光国立公園	英国	1-9
2017	09	日光国立公園	香港(PRC)	1-9
2017	09	伊勢志摩国立公園	アメリカ合衆国	24
2017	09	伊勢志摩国立公園	イタリア	1-9
2017	09	伊勢志摩国立公園	オランダ	1-9
2017	09	伊勢志摩国立公園	オーストラリア	1-9
2017	09	伊勢志摩国立公園	カナダ	1-9
2017	09	伊勢志摩国立公園	シンガポール	1-9
2017	09	伊勢志摩国立公園	スペイン	1-9
2017	09	伊勢志摩国立公園	セルビア(共和国、の)	1-9
2017	09	伊勢志摩国立公園	タイ	1-9
2017	09	伊勢志摩国立公園	ドイツ	1-9
2017	09	伊勢志摩国立公園	フィリピン	1-9
2017	09	伊勢志摩国立公園	マレーシア	1-9
2017	09	伊勢志摩国立公園	中国	1-9
2017	09	伊勢志摩国立公園	台湾	14
2017	09	伊勢志摩国立公園	朝鮮、南部	1-9
2017	09	伊勢志摩国立公園	英国	1-9
2017	09	伊勢志摩国立公園	香港(PRC)	16
2017	10	阿寒摩周国立公園	アメリカ合衆国	12
2017	10	阿寒摩周国立公園	オーストラリア	1-9
2017	10	阿寒摩周国立公園	シンガポール	1-9
2017	10	阿寒摩周国立公園	セルビア(共和国、の)	1-9
2017	10	阿寒摩周国立公園	タイ	1-9
2017	10	阿寒摩周国立公園	フィリピン	1-9
2017	10	阿寒摩周国立公園	マレーシア	1-9
2017	10	阿寒摩周国立公園	ロシア連邦	1-9
2017	10	阿寒摩周国立公園	中国	1-9
2017	10	阿寒摩周国立公園	台湾	24
2017	10	阿寒摩周国立公園	朝鮮、南部	1-9
2017	10	阿寒摩周国立公園	英国	1-9
2017	10	阿寒摩周国立公園	香港(PRC)	1-9
2017	10	十和田八幡平国立公園	アメリカ合衆国	11
2017	10	十和田八幡平国立公園	インド	1-9
2017	10	十和田八幡平国立公園	インドネシア	1-9
2017	10	十和田八幡平国立公園	カナダ	1-9
2017	10	十和田八幡平国立公園	シンガポール	1-9
2017	10	十和田八幡平国立公園	スイス	1-9
2017	10	十和田八幡平国立公園	タイ	24
2017	10	十和田八幡平国立公園	フィリピン	1-9
2017	10	十和田八幡平国立公園	フランス	1-9
2017	10	十和田八幡平国立公園	ブラジル	1-9
2017	10	十和田八幡平国立公園	ベルギー	1-9
2017	10	十和田八幡平国立公園	中国	1-9
2017	10	十和田八幡平国立公園	台湾	94
2017	10	十和田八幡平国立公園	朝鮮、南部	1-9
2017	10	十和田八幡平国立公園	英国	1-9
2017	10	十和田八幡平国立公園	香港(PRC)	1-9
2017	10	日光国立公園	アメリカ合衆国	83
2017	10	日光国立公園	アルゼンチン共和国	1-9
2017	10	日光国立公園	イスラエル	1-9
2017	10	日光国立公園	イタリア	1-9
2017	10	日光国立公園	インド	1-9
2017	10	日光国立公園	インドネシア	1-9
2017	10	日光国立公園	オランダ	1-9
2017	10	日光国立公園	オーストラリア	13
2017	10	日光国立公園	カタール	1-9
2017	10	日光国立公園	カナダ	1-9
2017	10	日光国立公園	キプロス	1-9
2017	10	日光国立公園	シンガポール	1-9
2017	10	日光国立公園	スイス	1-9
2017	10	日光国立公園	スペイン	1-9
2017	10	日光国立公園	スリランカ	1-9
2017	10	日光国立公園	セルビア(共和国、の)	1-9
2017	10	日光国立公園	タイ	110
2017	10	日光国立公園	チリ	1-9
2017	10	日光国立公園	デンマーク	1-9
2017	10	日光国立公園	ドイツ	11
2017	10	日光国立公園	ニュージーランド	1-9
2017	10	日光国立公園	ネパール	1-9
2017	10	日光国立公園	パレスチナ	1-9
2017	10	日光国立公園	フィリピン	1-9
2017	10	日光国立公園	フランス	1-9
2017	10	日光国立公園	ブラジル	1-9
2017	10	日光国立公園	ベトナム	1-9
2017	10	日光国立公園	ベルギー	1-9
2017	10	日光国立公園	ポーランド	1-9
2017	10	日光国立公園	マレーシア	1-9
2017	10	日光国立公園	メキシコ	1-9
2017	10	日光国立公園	ラオ	1-9
2017	10	日光国立公園	ロシア連邦	1-9
2017	10	日光国立公園	中国	1-9
2017	10	日光国立公園	台湾	85
2017	10	日光国立公園	朝鮮、南部	1-9
2017	10	日光国立公園	英国	12
2017	10	日光国立公園	香港(PRC)	18
2017	10	伊勢志摩国立公園	アメリカ合衆国	24
2017	10	伊勢志摩国立公園	オランダ	1-9
2017	10	伊勢志摩国立公園	オーストラリア	1-9
2017	10	伊勢志摩国立公園	シンガポール	1-9
2017	10	伊勢志摩国立公園	スペイン	1-9
2017	10	伊勢志摩国立公園	スロヴァキア	1-9
2017	10	伊勢志摩国立公園	タイ	1-9
2017	10	伊勢志摩国立公園	ドイツ	1-9
2017	10	伊勢志摩国立公園	フィリピン	1-9
2017	10	伊勢志摩国立公園	フランス	1-9
2017	10	伊勢志摩国立公園	ベトナム	1-9
2017	10	伊勢志摩国立公園	マカオ(PRC)	1-9
2017	10	伊勢志摩国立公園	マレーシア	1-9
2017	10	伊勢志摩国立公園	中国	1-9
2017	10	伊勢志摩国立公園	台湾	13
2017	10	伊勢志摩国立公園	朝鮮、南部	1-9
2017	10	伊勢志摩国立公園	英国	1-9
2017	10	伊勢志摩国立公園	香港(PRC)	1-9
2017	11	阿寒摩周国立公園	アイルランド	1-9
2017	11	阿寒摩周国立公園	アメリカ合衆国	1-9
2017	11	阿寒摩周国立公園	カナダ	1-9
2017	11	阿寒摩周国立公園	シンガポール	1-9
2017	11	阿寒摩周国立公園	タイ	1-9
2017	11	阿寒摩周国立公園	中国	1-9
2017	11	阿寒摩周国立公園	台湾	1-9
2017	11	十和田八幡平国立公園	アメリカ合衆国	1-9
2017	11	十和田八幡平国立公園	シンガポール	1-9
2017	11	十和田八幡平国立公園	タイ	1-9
2017	11	十和田八幡平国立公園	ノルウェー	1-9
2017	11	十和田八幡平国立公園	中国	1-9
2017	11	十和田八幡平国立公園	台湾	25
2017	11	十和田八幡平国立公園	朝鮮、南部	1-9
2017	11	十和田八幡平国立公園	香港(PRC)	1-9
2017	11	日光国立公園	アメリカ合衆国	55
2017	11	日光国立公園	イスラエル	1-9
2017	11	日光国立公園	インド	1-9
2017	11	日光国立公園	インドネシア	1-9
2017	11	日光国立公園	ウクライナ	1-9
2017	11	日光国立公園	エジプト	1-9
2017	11	日光国立公園	オランダ	1-9
2017	11	日光国立公園	オーストラリア	15
2017	11	日光国立公園	カナダ	1-9
2017	11	日光国立公園	シンガポール	1-9
2017	11	日光国立公園	スペイン	1-9
2017	11	日光国立公園	タイ	55
2017	11	日光国立公園	チェコ共和国	1-9
2017	11	日光国立公園	ドイツ	1-9
2017	11	日光国立公園	ニュージーランド	1-9
2017	11	日光国立公園	パレスチナ	1-9
2017	11	日光国立公園	フィリピン	1-9
2017	11	日光国立公園	フランス	1-9
2017	11	日光国立公園	ブラジル	1-9
2017	11	日光国立公園	ベトナム	1-9
2017	11	日光国立公園	ポルトガル	1-9
2017	11	日光国立公園	ポーランド	1-9
2017	11	日光国立公園	マカオ(PRC)	1-9
2017	11	日光国立公園	マダガスカル	1-9
2017	11	日光国立公園	マレーシア	1-9
2017	11	日光国立公園	リトアニア	1-9
2017	11	日光国立公園	ロシア連邦	1-9
2017	11	日光国立公園	中国	1-9
2017	11	日光国立公園	台湾	53
2017	11	日光国立公園	朝鮮、南部	1-9
2017	11	日光国立公園	英国	1-9
2017	11	日光国立公園	香港(PRC)	1-9
2017	11	伊勢志摩国立公園	アメリカ合衆国	13
2017	11	伊勢志摩国立公園	イスラエル	1-9
2017	11	伊勢志摩国立公園	オーストラリア	1-9
2017	11	伊勢志摩国立公園	カナダ	1-9
2017	11	伊勢志摩国立公園	シンガポール	1-9
2017	11	伊勢志摩国立公園	タイ	1-9
2017	11	伊勢志摩国立公園	ドイツ	1-9
2017	11	伊勢志摩国立公園	パレスチナ	1-9
2017	11	伊勢志摩国立公園	マレーシア	1-9
2017	11	伊勢志摩国立公園	中国	1-9
2017	11	伊勢志摩国立公園	台湾	10
2017	11	伊勢志摩国立公園	朝鮮、南部	1-9
2017	11	伊勢志摩国立公園	英国	1-9
2017	11	伊勢志摩国立公園	香港(PRC)	1-9
