年,月,日,年号,和暦,曜日,曜日番号,祝日名
2015,1,1,平成,27,Thu,4,元日
2015,1,2,平成,27,Fri,5,
2015,1,3,平成,27,Sat,6,
2015,1,4,平成,27,Sun,0,
2015,1,5,平成,27,Mon,1,
2015,1,6,平成,27,Tue,2,
2015,1,7,平成,27,Wed,3,
2015,1,8,平成,27,Thu,4,
2015,1,9,平成,27,Fri,5,
2015,1,10,平成,27,Sat,6,
2015,1,11,平成,27,Sun,0,
2015,1,12,平成,27,Mon,1,成人の日
2015,1,13,平成,27,Tue,2,
2015,1,14,平成,27,Wed,3,
2015,1,15,平成,27,Thu,4,
2015,1,16,平成,27,Fri,5,
2015,1,17,平成,27,Sat,6,
2015,1,18,平成,27,Sun,0,
2015,1,19,平成,27,Mon,1,
2015,1,20,平成,27,Tue,2,
2015,1,21,平成,27,Wed,3,
2015,1,22,平成,27,Thu,4,
2015,1,23,平成,27,Fri,5,
2015,1,24,平成,27,Sat,6,
2015,1,25,平成,27,Sun,0,
2015,1,26,平成,27,Mon,1,
2015,1,27,平成,27,Tue,2,
2015,1,28,平成,27,Wed,3,
2015,1,29,平成,27,Thu,4,
2015,1,30,平成,27,Fri,5,
2015,1,31,平成,27,Sat,6,
2015,2,1,平成,27,Sun,0,
2015,2,2,平成,27,Mon,1,
2015,2,3,平成,27,Tue,2,
2015,2,4,平成,27,Wed,3,
2015,2,5,平成,27,Thu,4,
2015,2,6,平成,27,Fri,5,
2015,2,7,平成,27,Sat,6,
2015,2,8,平成,27,Sun,0,
2015,2,9,平成,27,Mon,1,
2015,2,10,平成,27,Tue,2,
2015,2,11,平成,27,Wed,3,建国記念の日
2015,2,12,平成,27,Thu,4,
2015,2,13,平成,27,Fri,5,
2015,2,14,平成,27,Sat,6,
2015,2,15,平成,27,Sun,0,
2015,2,16,平成,27,Mon,1,
2015,2,17,平成,27,Tue,2,
2015,2,18,平成,27,Wed,3,
2015,2,19,平成,27,Thu,4,
2015,2,20,平成,27,Fri,5,
2015,2,21,平成,27,Sat,6,
2015,2,22,平成,27,Sun,0,
2015,2,23,平成,27,Mon,1,
2015,2,24,平成,27,Tue,2,
2015,2,25,平成,27,Wed,3,
2015,2,26,平成,27,Thu,4,
2015,2,27,平成,27,Fri,5,
2015,2,28,平成,27,Sat,6,
2015,3,1,平成,27,Sun,0,
2015,3,2,平成,27,Mon,1,
2015,3,3,平成,27,Tue,2,
2015,3,4,平成,27,Wed,3,
2015,3,5,平成,27,Thu,4,
2015,3,6,平成,27,Fri,5,
2015,3,7,平成,27,Sat,6,
2015,3,8,平成,27,Sun,0,
2015,3,9,平成,27,Mon,1,
2015,3,10,平成,27,Tue,2,
2015,3,11,平成,27,Wed,3,
2015,3,12,平成,27,Thu,4,
2015,3,13,平成,27,Fri,5,
2015,3,14,平成,27,Sat,6,
2015,3,15,平成,27,Sun,0,
2015,3,16,平成,27,Mon,1,
2015,3,17,平成,27,Tue,2,
2015,3,18,平成,27,Wed,3,
2015,3,19,平成,27,Thu,4,
2015,3,20,平成,27,Fri,5,
2015,3,21,平成,27,Sat,6,春分の日
2015,3,22,平成,27,Sun,0,
2015,3,23,平成,27,Mon,1,
2015,3,24,平成,27,Tue,2,
2015,3,25,平成,27,Wed,3,
2015,3,26,平成,27,Thu,4,
2015,3,27,平成,27,Fri,5,
2015,3,28,平成,27,Sat,6,
2015,3,29,平成,27,Sun,0,
2015,3,30,平成,27,Mon,1,
2015,3,31,平成,27,Tue,2,
2015,4,1,平成,27,Wed,3,
2015,4,2,平成,27,Thu,4,
2015,4,3,平成,27,Fri,5,
2015,4,4,平成,27,Sat,6,
2015,4,5,平成,27,Sun,0,
2015,4,6,平成,27,Mon,1,
2015,4,7,平成,27,Tue,2,
2015,4,8,平成,27,Wed,3,
2015,4,9,平成,27,Thu,4,
2015,4,10,平成,27,Fri,5,
2015,4,11,平成,27,Sat,6,
2015,4,12,平成,27,Sun,0,
2015,4,13,平成,27,Mon,1,
2015,4,14,平成,27,Tue,2,
2015,4,15,平成,27,Wed,3,
2015,4,16,平成,27,Thu,4,
2015,4,17,平成,27,Fri,5,
2015,4,18,平成,27,Sat,6,
2015,4,19,平成,27,Sun,0,
2015,4,20,平成,27,Mon,1,
2015,4,21,平成,27,Tue,2,
2015,4,22,平成,27,Wed,3,
2015,4,23,平成,27,Thu,4,
2015,4,24,平成,27,Fri,5,
2015,4,25,平成,27,Sat,6,
2015,4,26,平成,27,Sun,0,
2015,4,27,平成,27,Mon,1,
2015,4,28,平成,27,Tue,2,
2015,4,29,平成,27,Wed,3,昭和の日
2015,4,30,平成,27,Thu,4,
2015,5,1,平成,27,Fri,5,
2015,5,2,平成,27,Sat,6,
2015,5,3,平成,27,Sun,0,憲法記念日
2015,5,4,平成,27,Mon,1,みどりの日
2015,5,5,平成,27,Tue,2,こどもの日
2015,5,6,平成,27,Wed,3,振替休日
2015,5,7,平成,27,Thu,4,
2015,5,8,平成,27,Fri,5,
2015,5,9,平成,27,Sat,6,
2015,5,10,平成,27,Sun,0,
2015,5,11,平成,27,Mon,1,
2015,5,12,平成,27,Tue,2,
2015,5,13,平成,27,Wed,3,
2015,5,14,平成,27,Thu,4,
2015,5,15,平成,27,Fri,5,
2015,5,16,平成,27,Sat,6,
2015,5,17,平成,27,Sun,0,
2015,5,18,平成,27,Mon,1,
2015,5,19,平成,27,Tue,2,
2015,5,20,平成,27,Wed,3,
2015,5,21,平成,27,Thu,4,
2015,5,22,平成,27,Fri,5,
2015,5,23,平成,27,Sat,6,
2015,5,24,平成,27,Sun,0,
2015,5,25,平成,27,Mon,1,
2015,5,26,平成,27,Tue,2,
2015,5,27,平成,27,Wed,3,
2015,5,28,平成,27,Thu,4,
2015,5,29,平成,27,Fri,5,
2015,5,30,平成,27,Sat,6,
2015,5,31,平成,27,Sun,0,
2015,6,1,平成,27,Mon,1,
2015,6,2,平成,27,Tue,2,
2015,6,3,平成,27,Wed,3,
2015,6,4,平成,27,Thu,4,
2015,6,5,平成,27,Fri,5,
2015,6,6,平成,27,Sat,6,
2015,6,7,平成,27,Sun,0,
2015,6,8,平成,27,Mon,1,
2015,6,9,平成,27,Tue,2,
2015,6,10,平成,27,Wed,3,
2015,6,11,平成,27,Thu,4,
2015,6,12,平成,27,Fri,5,
2015,6,13,平成,27,Sat,6,
2015,6,14,平成,27,Sun,0,
2015,6,15,平成,27,Mon,1,
2015,6,16,平成,27,Tue,2,
2015,6,17,平成,27,Wed,3,
2015,6,18,平成,27,Thu,4,
2015,6,19,平成,27,Fri,5,
2015,6,20,平成,27,Sat,6,
2015,6,21,平成,27,Sun,0,
2015,6,22,平成,27,Mon,1,
2015,6,23,平成,27,Tue,2,
2015,6,24,平成,27,Wed,3,
2015,6,25,平成,27,Thu,4,
2015,6,26,平成,27,Fri,5,
2015,6,27,平成,27,Sat,6,
2015,6,28,平成,27,Sun,0,
2015,6,29,平成,27,Mon,1,
2015,6,30,平成,27,Tue,2,
2015,7,1,平成,27,Wed,3,
2015,7,2,平成,27,Thu,4,
2015,7,3,平成,27,Fri,5,
2015,7,4,平成,27,Sat,6,
2015,7,5,平成,27,Sun,0,
2015,7,6,平成,27,Mon,1,
2015,7,7,平成,27,Tue,2,
2015,7,8,平成,27,Wed,3,
2015,7,9,平成,27,Thu,4,
2015,7,10,平成,27,Fri,5,
2015,7,11,平成,27,Sat,6,
2015,7,12,平成,27,Sun,0,
2015,7,13,平成,27,Mon,1,
2015,7,14,平成,27,Tue,2,
2015,7,15,平成,27,Wed,3,
2015,7,16,平成,27,Thu,4,
2015,7,17,平成,27,Fri,5,
2015,7,18,平成,27,Sat,6,
2015,7,19,平成,27,Sun,0,
2015,7,20,平成,27,Mon,1,海の日
2015,7,21,平成,27,Tue,2,
2015,7,22,平成,27,Wed,3,
2015,7,23,平成,27,Thu,4,
2015,7,24,平成,27,Fri,5,
2015,7,25,平成,27,Sat,6,
2015,7,26,平成,27,Sun,0,
2015,7,27,平成,27,Mon,1,
2015,7,28,平成,27,Tue,2,
2015,7,29,平成,27,Wed,3,
2015,7,30,平成,27,Thu,4,
2015,7,31,平成,27,Fri,5,
2015,8,1,平成,27,Sat,6,
2015,8,2,平成,27,Sun,0,
2015,8,3,平成,27,Mon,1,
2015,8,4,平成,27,Tue,2,
2015,8,5,平成,27,Wed,3,
2015,8,6,平成,27,Thu,4,
2015,8,7,平成,27,Fri,5,
2015,8,8,平成,27,Sat,6,
2015,8,9,平成,27,Sun,0,
2015,8,10,平成,27,Mon,1,
2015,8,11,平成,27,Tue,2,
2015,8,12,平成,27,Wed,3,
2015,8,13,平成,27,Thu,4,
2015,8,14,平成,27,Fri,5,
2015,8,15,平成,27,Sat,6,
2015,8,16,平成,27,Sun,0,
2015,8,17,平成,27,Mon,1,
2015,8,18,平成,27,Tue,2,
2015,8,19,平成,27,Wed,3,
2015,8,20,平成,27,Thu,4,
2015,8,21,平成,27,Fri,5,
2015,8,22,平成,27,Sat,6,
2015,8,23,平成,27,Sun,0,
2015,8,24,平成,27,Mon,1,
2015,8,25,平成,27,Tue,2,
2015,8,26,平成,27,Wed,3,
2015,8,27,平成,27,Thu,4,
2015,8,28,平成,27,Fri,5,
2015,8,29,平成,27,Sat,6,
2015,8,30,平成,27,Sun,0,
2015,8,31,平成,27,Mon,1,
2015,9,1,平成,27,Tue,2,
2015,9,2,平成,27,Wed,3,
2015,9,3,平成,27,Thu,4,
2015,9,4,平成,27,Fri,5,
2015,9,5,平成,27,Sat,6,
2015,9,6,平成,27,Sun,0,
2015,9,7,平成,27,Mon,1,
2015,9,8,平成,27,Tue,2,
2015,9,9,平成,27,Wed,3,
2015,9,10,平成,27,Thu,4,
2015,9,11,平成,27,Fri,5,
2015,9,12,平成,27,Sat,6,
2015,9,13,平成,27,Sun,0,
2015,9,14,平成,27,Mon,1,
2015,9,15,平成,27,Tue,2,
2015,9,16,平成,27,Wed,3,
2015,9,17,平成,27,Thu,4,
2015,9,18,平成,27,Fri,5,
2015,9,19,平成,27,Sat,6,
2015,9,20,平成,27,Sun,0,
2015,9,21,平成,27,Mon,1,敬老の日
2015,9,22,平成,27,Tue,2,国民の休日
2015,9,23,平成,27,Wed,3,秋分の日
2015,9,24,平成,27,Thu,4,
2015,9,25,平成,27,Fri,5,
2015,9,26,平成,27,Sat,6,
2015,9,27,平成,27,Sun,0,
2015,9,28,平成,27,Mon,1,
2015,9,29,平成,27,Tue,2,
2015,9,30,平成,27,Wed,3,
2015,10,1,平成,27,Thu,4,
2015,10,2,平成,27,Fri,5,
2015,10,3,平成,27,Sat,6,
2015,10,4,平成,27,Sun,0,
2015,10,5,平成,27,Mon,1,
2015,10,6,平成,27,Tue,2,
2015,10,7,平成,27,Wed,3,
2015,10,8,平成,27,Thu,4,
2015,10,9,平成,27,Fri,5,
2015,10,10,平成,27,Sat,6,
2015,10,11,平成,27,Sun,0,
2015,10,12,平成,27,Mon,1,体育の日
2015,10,13,平成,27,Tue,2,
2015,10,14,平成,27,Wed,3,
2015,10,15,平成,27,Thu,4,
2015,10,16,平成,27,Fri,5,
2015,10,17,平成,27,Sat,6,
2015,10,18,平成,27,Sun,0,
2015,10,19,平成,27,Mon,1,
2015,10,20,平成,27,Tue,2,
2015,10,21,平成,27,Wed,3,
2015,10,22,平成,27,Thu,4,
2015,10,23,平成,27,Fri,5,
2015,10,24,平成,27,Sat,6,
2015,10,25,平成,27,Sun,0,
2015,10,26,平成,27,Mon,1,
2015,10,27,平成,27,Tue,2,
2015,10,28,平成,27,Wed,3,
2015,10,29,平成,27,Thu,4,
2015,10,30,平成,27,Fri,5,
2015,10,31,平成,27,Sat,6,
2015,11,1,平成,27,Sun,0,
2015,11,2,平成,27,Mon,1,
2015,11,3,平成,27,Tue,2,文化の日
2015,11,4,平成,27,Wed,3,
2015,11,5,平成,27,Thu,4,
2015,11,6,平成,27,Fri,5,
2015,11,7,平成,27,Sat,6,
2015,11,8,平成,27,Sun,0,
2015,11,9,平成,27,Mon,1,
2015,11,10,平成,27,Tue,2,
2015,11,11,平成,27,Wed,3,
2015,11,12,平成,27,Thu,4,
2015,11,13,平成,27,Fri,5,
2015,11,14,平成,27,Sat,6,
2015,11,15,平成,27,Sun,0,
2015,11,16,平成,27,Mon,1,
2015,11,17,平成,27,Tue,2,
2015,11,18,平成,27,Wed,3,
2015,11,19,平成,27,Thu,4,
2015,11,20,平成,27,Fri,5,
2015,11,21,平成,27,Sat,6,
2015,11,22,平成,27,Sun,0,
2015,11,23,平成,27,Mon,1,勤労感謝の日
2015,11,24,平成,27,Tue,2,
2015,11,25,平成,27,Wed,3,
2015,11,26,平成,27,Thu,4,
2015,11,27,平成,27,Fri,5,
2015,11,28,平成,27,Sat,6,
2015,11,29,平成,27,Sun,0,
2015,11,30,平成,27,Mon,1,
2015,12,1,平成,27,Tue,2,
2015,12,2,平成,27,Wed,3,
2015,12,3,平成,27,Thu,4,
2015,12,4,平成,27,Fri,5,
2015,12,5,平成,27,Sat,6,
2015,12,6,平成,27,Sun,0,
2015,12,7,平成,27,Mon,1,
2015,12,8,平成,27,Tue,2,
2015,12,9,平成,27,Wed,3,
2015,12,10,平成,27,Thu,4,
2015,12,11,平成,27,Fri,5,
2015,12,12,平成,27,Sat,6,
2015,12,13,平成,27,Sun,0,
2015,12,14,平成,27,Mon,1,
2015,12,15,平成,27,Tue,2,
2015,12,16,平成,27,Wed,3,
2015,12,17,平成,27,Thu,4,
2015,12,18,平成,27,Fri,5,
2015,12,19,平成,27,Sat,6,
2015,12,20,平成,27,Sun,0,
2015,12,21,平成,27,Mon,1,
2015,12,22,平成,27,Tue,2,
2015,12,23,平成,27,Wed,3,天皇誕生日
2015,12,24,平成,27,Thu,4,
2015,12,25,平成,27,Fri,5,
2015,12,26,平成,27,Sat,6,
2015,12,27,平成,27,Sun,0,
2015,12,28,平成,27,Mon,1,
2015,12,29,平成,27,Tue,2,
2015,12,30,平成,27,Wed,3,
2015,12,31,平成,27,Thu,4,
2016,1,1,平成,28,Fri,5,元日
2016,1,2,平成,28,Sat,6,
2016,1,3,平成,28,Sun,0,
2016,1,4,平成,28,Mon,1,
2016,1,5,平成,28,Tue,2,
2016,1,6,平成,28,Wed,3,
2016,1,7,平成,28,Thu,4,
2016,1,8,平成,28,Fri,5,
2016,1,9,平成,28,Sat,6,
2016,1,10,平成,28,Sun,0,
2016,1,11,平成,28,Mon,1,成人の日
2016,1,12,平成,28,Tue,2,
2016,1,13,平成,28,Wed,3,
2016,1,14,平成,28,Thu,4,
2016,1,15,平成,28,Fri,5,
2016,1,16,平成,28,Sat,6,
2016,1,17,平成,28,Sun,0,
2016,1,18,平成,28,Mon,1,
2016,1,19,平成,28,Tue,2,
2016,1,20,平成,28,Wed,3,
2016,1,21,平成,28,Thu,4,
2016,1,22,平成,28,Fri,5,
2016,1,23,平成,28,Sat,6,
2016,1,24,平成,28,Sun,0,
2016,1,25,平成,28,Mon,1,
2016,1,26,平成,28,Tue,2,
2016,1,27,平成,28,Wed,3,
2016,1,28,平成,28,Thu,4,
2016,1,29,平成,28,Fri,5,
2016,1,30,平成,28,Sat,6,
2016,1,31,平成,28,Sun,0,
2016,2,1,平成,28,Mon,1,
2016,2,2,平成,28,Tue,2,
2016,2,3,平成,28,Wed,3,
2016,2,4,平成,28,Thu,4,
2016,2,5,平成,28,Fri,5,
2016,2,6,平成,28,Sat,6,
2016,2,7,平成,28,Sun,0,
2016,2,8,平成,28,Mon,1,
2016,2,9,平成,28,Tue,2,
2016,2,10,平成,28,Wed,3,
2016,2,11,平成,28,Thu,4,建国記念の日
2016,2,12,平成,28,Fri,5,
2016,2,13,平成,28,Sat,6,
2016,2,14,平成,28,Sun,0,
2016,2,15,平成,28,Mon,1,
2016,2,16,平成,28,Tue,2,
2016,2,17,平成,28,Wed,3,
2016,2,18,平成,28,Thu,4,
2016,2,19,平成,28,Fri,5,
2016,2,20,平成,28,Sat,6,
2016,2,21,平成,28,Sun,0,
2016,2,22,平成,28,Mon,1,
2016,2,23,平成,28,Tue,2,
2016,2,24,平成,28,Wed,3,
2016,2,25,平成,28,Thu,4,
2016,2,26,平成,28,Fri,5,
2016,2,27,平成,28,Sat,6,
2016,2,28,平成,28,Sun,0,
2016,2,29,平成,28,Mon,1,
2016,3,1,平成,28,Tue,2,
2016,3,2,平成,28,Wed,3,
2016,3,3,平成,28,Thu,4,
2016,3,4,平成,28,Fri,5,
2016,3,5,平成,28,Sat,6,
2016,3,6,平成,28,Sun,0,
2016,3,7,平成,28,Mon,1,
2016,3,8,平成,28,Tue,2,
2016,3,9,平成,28,Wed,3,
2016,3,10,平成,28,Thu,4,
2016,3,11,平成,28,Fri,5,
2016,3,12,平成,28,Sat,6,
2016,3,13,平成,28,Sun,0,
2016,3,14,平成,28,Mon,1,
2016,3,15,平成,28,Tue,2,
2016,3,16,平成,28,Wed,3,
2016,3,17,平成,28,Thu,4,
2016,3,18,平成,28,Fri,5,
2016,3,19,平成,28,Sat,6,
2016,3,20,平成,28,Sun,0,春分の日
2016,3,21,平成,28,Mon,1,振替休日
2016,3,22,平成,28,Tue,2,
2016,3,23,平成,28,Wed,3,
2016,3,24,平成,28,Thu,4,
2016,3,25,平成,28,Fri,5,
2016,3,26,平成,28,Sat,6,
2016,3,27,平成,28,Sun,0,
2016,3,28,平成,28,Mon,1,
2016,3,29,平成,28,Tue,2,
2016,3,30,平成,28,Wed,3,
2016,3,31,平成,28,Thu,4,
2016,4,1,平成,28,Fri,5,
2016,4,2,平成,28,Sat,6,
2016,4,3,平成,28,Sun,0,
2016,4,4,平成,28,Mon,1,
2016,4,5,平成,28,Tue,2,
2016,4,6,平成,28,Wed,3,
2016,4,7,平成,28,Thu,4,
2016,4,8,平成,28,Fri,5,
2016,4,9,平成,28,Sat,6,
2016,4,10,平成,28,Sun,0,
2016,4,11,平成,28,Mon,1,
2016,4,12,平成,28,Tue,2,
2016,4,13,平成,28,Wed,3,
2016,4,14,平成,28,Thu,4,
2016,4,15,平成,28,Fri,5,
2016,4,16,平成,28,Sat,6,
2016,4,17,平成,28,Sun,0,
2016,4,18,平成,28,Mon,1,
2016,4,19,平成,28,Tue,2,
2016,4,20,平成,28,Wed,3,
2016,4,21,平成,28,Thu,4,
2016,4,22,平成,28,Fri,5,
2016,4,23,平成,28,Sat,6,
2016,4,24,平成,28,Sun,0,
2016,4,25,平成,28,Mon,1,
2016,4,26,平成,28,Tue,2,
2016,4,27,平成,28,Wed,3,
2016,4,28,平成,28,Thu,4,
2016,4,29,平成,28,Fri,5,昭和の日
2016,4,30,平成,28,Sat,6,
2016,5,1,平成,28,Sun,0,
2016,5,2,平成,28,Mon,1,
2016,5,3,平成,28,Tue,2,憲法記念日
2016,5,4,平成,28,Wed,3,みどりの日
2016,5,5,平成,28,Thu,4,こどもの日
2016,5,6,平成,28,Fri,5,
2016,5,7,平成,28,Sat,6,
2016,5,8,平成,28,Sun,0,
2016,5,9,平成,28,Mon,1,
2016,5,10,平成,28,Tue,2,
2016,5,11,平成,28,Wed,3,
2016,5,12,平成,28,Thu,4,
2016,5,13,平成,28,Fri,5,
2016,5,14,平成,28,Sat,6,
2016,5,15,平成,28,Sun,0,
2016,5,16,平成,28,Mon,1,
2016,5,17,平成,28,Tue,2,
2016,5,18,平成,28,Wed,3,
2016,5,19,平成,28,Thu,4,
2016,5,20,平成,28,Fri,5,
2016,5,21,平成,28,Sat,6,
2016,5,22,平成,28,Sun,0,
2016,5,23,平成,28,Mon,1,
2016,5,24,平成,28,Tue,2,
2016,5,25,平成,28,Wed,3,
2016,5,26,平成,28,Thu,4,
2016,5,27,平成,28,Fri,5,
2016,5,28,平成,28,Sat,6,
2016,5,29,平成,28,Sun,0,
2016,5,30,平成,28,Mon,1,
2016,5,31,平成,28,Tue,2,
2016,6,1,平成,28,Wed,3,
2016,6,2,平成,28,Thu,4,
2016,6,3,平成,28,Fri,5,
2016,6,4,平成,28,Sat,6,
2016,6,5,平成,28,Sun,0,
2016,6,6,平成,28,Mon,1,
2016,6,7,平成,28,Tue,2,
2016,6,8,平成,28,Wed,3,
2016,6,9,平成,28,Thu,4,
2016,6,10,平成,28,Fri,5,
2016,6,11,平成,28,Sat,6,
2016,6,12,平成,28,Sun,0,
2016,6,13,平成,28,Mon,1,
2016,6,14,平成,28,Tue,2,
2016,6,15,平成,28,Wed,3,
2016,6,16,平成,28,Thu,4,
2016,6,17,平成,28,Fri,5,
2016,6,18,平成,28,Sat,6,
2016,6,19,平成,28,Sun,0,
2016,6,20,平成,28,Mon,1,
2016,6,21,平成,28,Tue,2,
2016,6,22,平成,28,Wed,3,
2016,6,23,平成,28,Thu,4,
2016,6,24,平成,28,Fri,5,
2016,6,25,平成,28,Sat,6,
2016,6,26,平成,28,Sun,0,
2016,6,27,平成,28,Mon,1,
2016,6,28,平成,28,Tue,2,
2016,6,29,平成,28,Wed,3,
2016,6,30,平成,28,Thu,4,
2016,7,1,平成,28,Fri,5,
2016,7,2,平成,28,Sat,6,
2016,7,3,平成,28,Sun,0,
2016,7,4,平成,28,Mon,1,
2016,7,5,平成,28,Tue,2,
2016,7,6,平成,28,Wed,3,
2016,7,7,平成,28,Thu,4,
2016,7,8,平成,28,Fri,5,
2016,7,9,平成,28,Sat,6,
2016,7,10,平成,28,Sun,0,
2016,7,11,平成,28,Mon,1,
2016,7,12,平成,28,Tue,2,
2016,7,13,平成,28,Wed,3,
2016,7,14,平成,28,Thu,4,
2016,7,15,平成,28,Fri,5,
2016,7,16,平成,28,Sat,6,
2016,7,17,平成,28,Sun,0,
2016,7,18,平成,28,Mon,1,海の日
2016,7,19,平成,28,Tue,2,
2016,7,20,平成,28,Wed,3,
2016,7,21,平成,28,Thu,4,
2016,7,22,平成,28,Fri,5,
2016,7,23,平成,28,Sat,6,
2016,7,24,平成,28,Sun,0,
2016,7,25,平成,28,Mon,1,
2016,7,26,平成,28,Tue,2,
2016,7,27,平成,28,Wed,3,
2016,7,28,平成,28,Thu,4,
2016,7,29,平成,28,Fri,5,
2016,7,30,平成,28,Sat,6,
2016,7,31,平成,28,Sun,0,
2016,8,1,平成,28,Mon,1,
2016,8,2,平成,28,Tue,2,
2016,8,3,平成,28,Wed,3,
2016,8,4,平成,28,Thu,4,
2016,8,5,平成,28,Fri,5,
2016,8,6,平成,28,Sat,6,
2016,8,7,平成,28,Sun,0,
2016,8,8,平成,28,Mon,1,
2016,8,9,平成,28,Tue,2,
2016,8,10,平成,28,Wed,3,
2016,8,11,平成,28,Thu,4,山の日
2016,8,12,平成,28,Fri,5,
2016,8,13,平成,28,Sat,6,
2016,8,14,平成,28,Sun,0,
2016,8,15,平成,28,Mon,1,
2016,8,16,平成,28,Tue,2,
2016,8,17,平成,28,Wed,3,
2016,8,18,平成,28,Thu,4,
2016,8,19,平成,28,Fri,5,
2016,8,20,平成,28,Sat,6,
2016,8,21,平成,28,Sun,0,
2016,8,22,平成,28,Mon,1,
2016,8,23,平成,28,Tue,2,
2016,8,24,平成,28,Wed,3,
2016,8,25,平成,28,Thu,4,
2016,8,26,平成,28,Fri,5,
2016,8,27,平成,28,Sat,6,
2016,8,28,平成,28,Sun,0,
2016,8,29,平成,28,Mon,1,
2016,8,30,平成,28,Tue,2,
2016,8,31,平成,28,Wed,3,
2016,9,1,平成,28,Thu,4,
2016,9,2,平成,28,Fri,5,
2016,9,3,平成,28,Sat,6,
2016,9,4,平成,28,Sun,0,
2016,9,5,平成,28,Mon,1,
2016,9,6,平成,28,Tue,2,
2016,9,7,平成,28,Wed,3,
2016,9,8,平成,28,Thu,4,
2016,9,9,平成,28,Fri,5,
2016,9,10,平成,28,Sat,6,
2016,9,11,平成,28,Sun,0,
2016,9,12,平成,28,Mon,1,
2016,9,13,平成,28,Tue,2,
2016,9,14,平成,28,Wed,3,
2016,9,15,平成,28,Thu,4,
2016,9,16,平成,28,Fri,5,
2016,9,17,平成,28,Sat,6,
2016,9,18,平成,28,Sun,0,
2016,9,19,平成,28,Mon,1,敬老の日
2016,9,20,平成,28,Tue,2,
2016,9,21,平成,28,Wed,3,
2016,9,22,平成,28,Thu,4,秋分の日
2016,9,23,平成,28,Fri,5,
2016,9,24,平成,28,Sat,6,
2016,9,25,平成,28,Sun,0,
2016,9,26,平成,28,Mon,1,
2016,9,27,平成,28,Tue,2,
2016,9,28,平成,28,Wed,3,
2016,9,29,平成,28,Thu,4,
2016,9,30,平成,28,Fri,5,
2016,10,1,平成,28,Sat,6,
2016,10,2,平成,28,Sun,0,
2016,10,3,平成,28,Mon,1,
2016,10,4,平成,28,Tue,2,
2016,10,5,平成,28,Wed,3,
2016,10,6,平成,28,Thu,4,
2016,10,7,平成,28,Fri,5,
2016,10,8,平成,28,Sat,6,
2016,10,9,平成,28,Sun,0,
2016,10,10,平成,28,Mon,1,体育の日
2016,10,11,平成,28,Tue,2,
2016,10,12,平成,28,Wed,3,
2016,10,13,平成,28,Thu,4,
2016,10,14,平成,28,Fri,5,
2016,10,15,平成,28,Sat,6,
2016,10,16,平成,28,Sun,0,
2016,10,17,平成,28,Mon,1,
2016,10,18,平成,28,Tue,2,
2016,10,19,平成,28,Wed,3,
2016,10,20,平成,28,Thu,4,
2016,10,21,平成,28,Fri,5,
2016,10,22,平成,28,Sat,6,
2016,10,23,平成,28,Sun,0,
2016,10,24,平成,28,Mon,1,
2016,10,25,平成,28,Tue,2,
2016,10,26,平成,28,Wed,3,
2016,10,27,平成,28,Thu,4,
2016,10,28,平成,28,Fri,5,
2016,10,29,平成,28,Sat,6,
2016,10,30,平成,28,Sun,0,
2016,10,31,平成,28,Mon,1,
2016,11,1,平成,28,Tue,2,
2016,11,2,平成,28,Wed,3,
2016,11,3,平成,28,Thu,4,文化の日
2016,11,4,平成,28,Fri,5,
2016,11,5,平成,28,Sat,6,
2016,11,6,平成,28,Sun,0,
2016,11,7,平成,28,Mon,1,
2016,11,8,平成,28,Tue,2,
2016,11,9,平成,28,Wed,3,
2016,11,10,平成,28,Thu,4,
2016,11,11,平成,28,Fri,5,
2016,11,12,平成,28,Sat,6,
2016,11,13,平成,28,Sun,0,
2016,11,14,平成,28,Mon,1,
2016,11,15,平成,28,Tue,2,
2016,11,16,平成,28,Wed,3,
2016,11,17,平成,28,Thu,4,
2016,11,18,平成,28,Fri,5,
2016,11,19,平成,28,Sat,6,
2016,11,20,平成,28,Sun,0,
2016,11,21,平成,28,Mon,1,
2016,11,22,平成,28,Tue,2,
2016,11,23,平成,28,Wed,3,勤労感謝の日
2016,11,24,平成,28,Thu,4,
2016,11,25,平成,28,Fri,5,
2016,11,26,平成,28,Sat,6,
2016,11,27,平成,28,Sun,0,
2016,11,28,平成,28,Mon,1,
2016,11,29,平成,28,Tue,2,
2016,11,30,平成,28,Wed,3,
2016,12,1,平成,28,Thu,4,
2016,12,2,平成,28,Fri,5,
2016,12,3,平成,28,Sat,6,
2016,12,4,平成,28,Sun,0,
2016,12,5,平成,28,Mon,1,
2016,12,6,平成,28,Tue,2,
2016,12,7,平成,28,Wed,3,
2016,12,8,平成,28,Thu,4,
2016,12,9,平成,28,Fri,5,
2016,12,10,平成,28,Sat,6,
2016,12,11,平成,28,Sun,0,
2016,12,12,平成,28,Mon,1,
2016,12,13,平成,28,Tue,2,
2016,12,14,平成,28,Wed,3,
2016,12,15,平成,28,Thu,4,
2016,12,16,平成,28,Fri,5,
2016,12,17,平成,28,Sat,6,
2016,12,18,平成,28,Sun,0,
2016,12,19,平成,28,Mon,1,
2016,12,20,平成,28,Tue,2,
2016,12,21,平成,28,Wed,3,
2016,12,22,平成,28,Thu,4,
2016,12,23,平成,28,Fri,5,天皇誕生日
2016,12,24,平成,28,Sat,6,
2016,12,25,平成,28,Sun,0,
2016,12,26,平成,28,Mon,1,
2016,12,27,平成,28,Tue,2,
2016,12,28,平成,28,Wed,3,
2016,12,29,平成,28,Thu,4,
2016,12,30,平成,28,Fri,5,
2016,12,31,平成,28,Sat,6,
2017,1,1,平成,29,Sun,0,元日
2017,1,2,平成,29,Mon,1,振替休日
2017,1,3,平成,29,Tue,2,
2017,1,4,平成,29,Wed,3,
2017,1,5,平成,29,Thu,4,
2017,1,6,平成,29,Fri,5,
2017,1,7,平成,29,Sat,6,
2017,1,8,平成,29,Sun,0,
2017,1,9,平成,29,Mon,1,成人の日
2017,1,10,平成,29,Tue,2,
2017,1,11,平成,29,Wed,3,
2017,1,12,平成,29,Thu,4,
2017,1,13,平成,29,Fri,5,
2017,1,14,平成,29,Sat,6,
2017,1,15,平成,29,Sun,0,
2017,1,16,平成,29,Mon,1,
2017,1,17,平成,29,Tue,2,
2017,1,18,平成,29,Wed,3,
2017,1,19,平成,29,Thu,4,
2017,1,20,平成,29,Fri,5,
2017,1,21,平成,29,Sat,6,
2017,1,22,平成,29,Sun,0,
2017,1,23,平成,29,Mon,1,
2017,1,24,平成,29,Tue,2,
2017,1,25,平成,29,Wed,3,
2017,1,26,平成,29,Thu,4,
2017,1,27,平成,29,Fri,5,
2017,1,28,平成,29,Sat,6,
2017,1,29,平成,29,Sun,0,
2017,1,30,平成,29,Mon,1,
2017,1,31,平成,29,Tue,2,
2017,2,1,平成,29,Wed,3,
2017,2,2,平成,29,Thu,4,
2017,2,3,平成,29,Fri,5,
2017,2,4,平成,29,Sat,6,
2017,2,5,平成,29,Sun,0,
2017,2,6,平成,29,Mon,1,
2017,2,7,平成,29,Tue,2,
2017,2,8,平成,29,Wed,3,
2017,2,9,平成,29,Thu,4,
2017,2,10,平成,29,Fri,5,
2017,2,11,平成,29,Sat,6,建国記念の日
2017,2,12,平成,29,Sun,0,
2017,2,13,平成,29,Mon,1,
2017,2,14,平成,29,Tue,2,
2017,2,15,平成,29,Wed,3,
2017,2,16,平成,29,Thu,4,
2017,2,17,平成,29,Fri,5,
2017,2,18,平成,29,Sat,6,
2017,2,19,平成,29,Sun,0,
2017,2,20,平成,29,Mon,1,
2017,2,21,平成,29,Tue,2,
2017,2,22,平成,29,Wed,3,
2017,2,23,平成,29,Thu,4,
2017,2,24,平成,29,Fri,5,
2017,2,25,平成,29,Sat,6,
2017,2,26,平成,29,Sun,0,
2017,2,27,平成,29,Mon,1,
2017,2,28,平成,29,Tue,2,
2017,3,1,平成,29,Wed,3,
2017,3,2,平成,29,Thu,4,
2017,3,3,平成,29,Fri,5,
2017,3,4,平成,29,Sat,6,
2017,3,5,平成,29,Sun,0,
2017,3,6,平成,29,Mon,1,
2017,3,7,平成,29,Tue,2,
2017,3,8,平成,29,Wed,3,
2017,3,9,平成,29,Thu,4,
2017,3,10,平成,29,Fri,5,
2017,3,11,平成,29,Sat,6,
2017,3,12,平成,29,Sun,0,
2017,3,13,平成,29,Mon,1,
2017,3,14,平成,29,Tue,2,
2017,3,15,平成,29,Wed,3,
2017,3,16,平成,29,Thu,4,
2017,3,17,平成,29,Fri,5,
2017,3,18,平成,29,Sat,6,
2017,3,19,平成,29,Sun,0,
2017,3,20,平成,29,Mon,1,春分の日
2017,3,21,平成,29,Tue,2,
2017,3,22,平成,29,Wed,3,
2017,3,23,平成,29,Thu,4,
2017,3,24,平成,29,Fri,5,
2017,3,25,平成,29,Sat,6,
2017,3,26,平成,29,Sun,0,
2017,3,27,平成,29,Mon,1,
2017,3,28,平成,29,Tue,2,
2017,3,29,平成,29,Wed,3,
2017,3,30,平成,29,Thu,4,
2017,3,31,平成,29,Fri,5,
2017,4,1,平成,29,Sat,6,
2017,4,2,平成,29,Sun,0,
2017,4,3,平成,29,Mon,1,
2017,4,4,平成,29,Tue,2,
2017,4,5,平成,29,Wed,3,
2017,4,6,平成,29,Thu,4,
2017,4,7,平成,29,Fri,5,
2017,4,8,平成,29,Sat,6,
2017,4,9,平成,29,Sun,0,
2017,4,10,平成,29,Mon,1,
2017,4,11,平成,29,Tue,2,
2017,4,12,平成,29,Wed,3,
2017,4,13,平成,29,Thu,4,
2017,4,14,平成,29,Fri,5,
2017,4,15,平成,29,Sat,6,
2017,4,16,平成,29,Sun,0,
2017,4,17,平成,29,Mon,1,
2017,4,18,平成,29,Tue,2,
2017,4,19,平成,29,Wed,3,
2017,4,20,平成,29,Thu,4,
2017,4,21,平成,29,Fri,5,
2017,4,22,平成,29,Sat,6,
2017,4,23,平成,29,Sun,0,
2017,4,24,平成,29,Mon,1,
2017,4,25,平成,29,Tue,2,
2017,4,26,平成,29,Wed,3,
2017,4,27,平成,29,Thu,4,
2017,4,28,平成,29,Fri,5,
2017,4,29,平成,29,Sat,6,昭和の日
2017,4,30,平成,29,Sun,0,
2017,5,1,平成,29,Mon,1,
2017,5,2,平成,29,Tue,2,
2017,5,3,平成,29,Wed,3,憲法記念日
2017,5,4,平成,29,Thu,4,みどりの日
2017,5,5,平成,29,Fri,5,こどもの日
2017,5,6,平成,29,Sat,6,
2017,5,7,平成,29,Sun,0,
2017,5,8,平成,29,Mon,1,
2017,5,9,平成,29,Tue,2,
2017,5,10,平成,29,Wed,3,
2017,5,11,平成,29,Thu,4,
2017,5,12,平成,29,Fri,5,
2017,5,13,平成,29,Sat,6,
2017,5,14,平成,29,Sun,0,
2017,5,15,平成,29,Mon,1,
2017,5,16,平成,29,Tue,2,
2017,5,17,平成,29,Wed,3,
2017,5,18,平成,29,Thu,4,
2017,5,19,平成,29,Fri,5,
2017,5,20,平成,29,Sat,6,
2017,5,21,平成,29,Sun,0,
2017,5,22,平成,29,Mon,1,
2017,5,23,平成,29,Tue,2,
2017,5,24,平成,29,Wed,3,
2017,5,25,平成,29,Thu,4,
2017,5,26,平成,29,Fri,5,
2017,5,27,平成,29,Sat,6,
2017,5,28,平成,29,Sun,0,
2017,5,29,平成,29,Mon,1,
2017,5,30,平成,29,Tue,2,
2017,5,31,平成,29,Wed,3,
2017,6,1,平成,29,Thu,4,
2017,6,2,平成,29,Fri,5,
2017,6,3,平成,29,Sat,6,
2017,6,4,平成,29,Sun,0,
2017,6,5,平成,29,Mon,1,
2017,6,6,平成,29,Tue,2,
2017,6,7,平成,29,Wed,3,
2017,6,8,平成,29,Thu,4,
2017,6,9,平成,29,Fri,5,
2017,6,10,平成,29,Sat,6,
2017,6,11,平成,29,Sun,0,
2017,6,12,平成,29,Mon,1,
2017,6,13,平成,29,Tue,2,
2017,6,14,平成,29,Wed,3,
2017,6,15,平成,29,Thu,4,
2017,6,16,平成,29,Fri,5,
2017,6,17,平成,29,Sat,6,
2017,6,18,平成,29,Sun,0,
2017,6,19,平成,29,Mon,1,
2017,6,20,平成,29,Tue,2,
2017,6,21,平成,29,Wed,3,
2017,6,22,平成,29,Thu,4,
2017,6,23,平成,29,Fri,5,
2017,6,24,平成,29,Sat,6,
2017,6,25,平成,29,Sun,0,
2017,6,26,平成,29,Mon,1,
2017,6,27,平成,29,Tue,2,
2017,6,28,平成,29,Wed,3,
2017,6,29,平成,29,Thu,4,
2017,6,30,平成,29,Fri,5,
2017,7,1,平成,29,Sat,6,
2017,7,2,平成,29,Sun,0,
2017,7,3,平成,29,Mon,1,
2017,7,4,平成,29,Tue,2,
2017,7,5,平成,29,Wed,3,
2017,7,6,平成,29,Thu,4,
2017,7,7,平成,29,Fri,5,
2017,7,8,平成,29,Sat,6,
2017,7,9,平成,29,Sun,0,
2017,7,10,平成,29,Mon,1,
2017,7,11,平成,29,Tue,2,
2017,7,12,平成,29,Wed,3,
2017,7,13,平成,29,Thu,4,
2017,7,14,平成,29,Fri,5,
2017,7,15,平成,29,Sat,6,
2017,7,16,平成,29,Sun,0,
2017,7,17,平成,29,Mon,1,海の日
2017,7,18,平成,29,Tue,2,
2017,7,19,平成,29,Wed,3,
2017,7,20,平成,29,Thu,4,
2017,7,21,平成,29,Fri,5,
2017,7,22,平成,29,Sat,6,
2017,7,23,平成,29,Sun,0,
2017,7,24,平成,29,Mon,1,
2017,7,25,平成,29,Tue,2,
2017,7,26,平成,29,Wed,3,
2017,7,27,平成,29,Thu,4,
2017,7,28,平成,29,Fri,5,
2017,7,29,平成,29,Sat,6,
2017,7,30,平成,29,Sun,0,
2017,7,31,平成,29,Mon,1,
2017,8,1,平成,29,Tue,2,
2017,8,2,平成,29,Wed,3,
2017,8,3,平成,29,Thu,4,
2017,8,4,平成,29,Fri,5,
2017,8,5,平成,29,Sat,6,
2017,8,6,平成,29,Sun,0,
2017,8,7,平成,29,Mon,1,
2017,8,8,平成,29,Tue,2,
2017,8,9,平成,29,Wed,3,
2017,8,10,平成,29,Thu,4,
2017,8,11,平成,29,Fri,5,山の日
2017,8,12,平成,29,Sat,6,
2017,8,13,平成,29,Sun,0,
2017,8,14,平成,29,Mon,1,
2017,8,15,平成,29,Tue,2,
2017,8,16,平成,29,Wed,3,
2017,8,17,平成,29,Thu,4,
2017,8,18,平成,29,Fri,5,
2017,8,19,平成,29,Sat,6,
2017,8,20,平成,29,Sun,0,
2017,8,21,平成,29,Mon,1,
2017,8,22,平成,29,Tue,2,
2017,8,23,平成,29,Wed,3,
2017,8,24,平成,29,Thu,4,
2017,8,25,平成,29,Fri,5,
2017,8,26,平成,29,Sat,6,
2017,8,27,平成,29,Sun,0,
2017,8,28,平成,29,Mon,1,
2017,8,29,平成,29,Tue,2,
2017,8,30,平成,29,Wed,3,
2017,8,31,平成,29,Thu,4,
2017,9,1,平成,29,Fri,5,
2017,9,2,平成,29,Sat,6,
2017,9,3,平成,29,Sun,0,
2017,9,4,平成,29,Mon,1,
2017,9,5,平成,29,Tue,2,
2017,9,6,平成,29,Wed,3,
2017,9,7,平成,29,Thu,4,
2017,9,8,平成,29,Fri,5,
2017,9,9,平成,29,Sat,6,
2017,9,10,平成,29,Sun,0,
2017,9,11,平成,29,Mon,1,
2017,9,12,平成,29,Tue,2,
2017,9,13,平成,29,Wed,3,
2017,9,14,平成,29,Thu,4,
2017,9,15,平成,29,Fri,5,
2017,9,16,平成,29,Sat,6,
2017,9,17,平成,29,Sun,0,
2017,9,18,平成,29,Mon,1,敬老の日
2017,9,19,平成,29,Tue,2,
2017,9,20,平成,29,Wed,3,
2017,9,21,平成,29,Thu,4,
2017,9,22,平成,29,Fri,5,
2017,9,23,平成,29,Sat,6,秋分の日
2017,9,24,平成,29,Sun,0,
2017,9,25,平成,29,Mon,1,
2017,9,26,平成,29,Tue,2,
2017,9,27,平成,29,Wed,3,
2017,9,28,平成,29,Thu,4,
2017,9,29,平成,29,Fri,5,
2017,9,30,平成,29,Sat,6,
2017,10,1,平成,29,Sun,0,
2017,10,2,平成,29,Mon,1,
2017,10,3,平成,29,Tue,2,
2017,10,4,平成,29,Wed,3,
2017,10,5,平成,29,Thu,4,
2017,10,6,平成,29,Fri,5,
2017,10,7,平成,29,Sat,6,
2017,10,8,平成,29,Sun,0,
2017,10,9,平成,29,Mon,1,体育の日
2017,10,10,平成,29,Tue,2,
2017,10,11,平成,29,Wed,3,
2017,10,12,平成,29,Thu,4,
2017,10,13,平成,29,Fri,5,
2017,10,14,平成,29,Sat,6,
2017,10,15,平成,29,Sun,0,
2017,10,16,平成,29,Mon,1,
2017,10,17,平成,29,Tue,2,
2017,10,18,平成,29,Wed,3,
2017,10,19,平成,29,Thu,4,
2017,10,20,平成,29,Fri,5,
2017,10,21,平成,29,Sat,6,
2017,10,22,平成,29,Sun,0,
2017,10,23,平成,29,Mon,1,
2017,10,24,平成,29,Tue,2,
2017,10,25,平成,29,Wed,3,
2017,10,26,平成,29,Thu,4,
2017,10,27,平成,29,Fri,5,
2017,10,28,平成,29,Sat,6,
2017,10,29,平成,29,Sun,0,
2017,10,30,平成,29,Mon,1,
2017,10,31,平成,29,Tue,2,
2017,11,1,平成,29,Wed,3,
2017,11,2,平成,29,Thu,4,
2017,11,3,平成,29,Fri,5,文化の日
2017,11,4,平成,29,Sat,6,
2017,11,5,平成,29,Sun,0,
2017,11,6,平成,29,Mon,1,
2017,11,7,平成,29,Tue,2,
2017,11,8,平成,29,Wed,3,
2017,11,9,平成,29,Thu,4,
2017,11,10,平成,29,Fri,5,
2017,11,11,平成,29,Sat,6,
2017,11,12,平成,29,Sun,0,
2017,11,13,平成,29,Mon,1,
2017,11,14,平成,29,Tue,2,
2017,11,15,平成,29,Wed,3,
2017,11,16,平成,29,Thu,4,
2017,11,17,平成,29,Fri,5,
2017,11,18,平成,29,Sat,6,
2017,11,19,平成,29,Sun,0,
2017,11,20,平成,29,Mon,1,
2017,11,21,平成,29,Tue,2,
2017,11,22,平成,29,Wed,3,
2017,11,23,平成,29,Thu,4,勤労感謝の日
2017,11,24,平成,29,Fri,5,
2017,11,25,平成,29,Sat,6,
2017,11,26,平成,29,Sun,0,
2017,11,27,平成,29,Mon,1,
2017,11,28,平成,29,Tue,2,
2017,11,29,平成,29,Wed,3,
2017,11,30,平成,29,Thu,4,
2017,12,1,平成,29,Fri,5,
2017,12,2,平成,29,Sat,6,
2017,12,3,平成,29,Sun,0,
2017,12,4,平成,29,Mon,1,
2017,12,5,平成,29,Tue,2,
2017,12,6,平成,29,Wed,3,
2017,12,7,平成,29,Thu,4,
2017,12,8,平成,29,Fri,5,
2017,12,9,平成,29,Sat,6,
2017,12,10,平成,29,Sun,0,
2017,12,11,平成,29,Mon,1,
2017,12,12,平成,29,Tue,2,
2017,12,13,平成,29,Wed,3,
2017,12,14,平成,29,Thu,4,
2017,12,15,平成,29,Fri,5,
2017,12,16,平成,29,Sat,6,
2017,12,17,平成,29,Sun,0,
2017,12,18,平成,29,Mon,1,
2017,12,19,平成,29,Tue,2,
2017,12,20,平成,29,Wed,3,
2017,12,21,平成,29,Thu,4,
2017,12,22,平成,29,Fri,5,
2017,12,23,平成,29,Sat,6,天皇誕生日
2017,12,24,平成,29,Sun,0,
2017,12,25,平成,29,Mon,1,
2017,12,26,平成,29,Tue,2,
2017,12,27,平成,29,Wed,3,
2017,12,28,平成,29,Thu,4,
2017,12,29,平成,29,Fri,5,
2017,12,30,平成,29,Sat,6,
2017,12,31,平成,29,Sun,0,